order_id,line_item_uid,item_name,quantity,base_price,gross_sales,total_money,modifier_name,modifier_price
DOGOTFSCYwdmxGGYR3tcNPTK885YY,o8EVV7AdnZBZFI9evx7D7C,Egg and Cheese Sandwich,1.0,5.0,8.0,8.56,,
DOGOTFSCYwdmxGGYR3tcNPTK885YY,o8EVV7AdnZBZFI9evx7D7C,,,,,,Onion Bagel,0.0
DOGOTFSCYwdmxGGYR3tcNPTK885YY,o8EVV7AdnZBZFI9evx7D7C,,,,,,Toasted,0.0
DOGOTFSCYwdmxGGYR3tcNPTK885YY,o8EVV7AdnZBZFI9evx7D7C,,,,,,Bacon,2.0
DOGOTFSCYwdmxGGYR3tcNPTK885YY,o8EVV7AdnZBZFI9evx7D7C,,,,,,Maple-Sriracha Aioli,1.0
n2MkKx5C1EtCzyfutXIp4UveV,c9ef71cd-4350-4e8d-baf7-767d2e7c254e,Espresso,2.0,2.75,7.0,7.56,,
n2MkKx5C1EtCzyfutXIp4UveV,c9ef71cd-4350-4e8d-baf7-767d2e7c254e,,,,,,Shots over ice,1.5
B7UeyqOGLSaYV4Mf9ukyOSweV,29984cf9-1c24-4f35-80c7-0d5e69318f80,Bagel + Chive CC,1.0,5.0,9.5,10.25,,
B7UeyqOGLSaYV4Mf9ukyOSweV,29984cf9-1c24-4f35-80c7-0d5e69318f80,,,,,,Onion,0.0
B7UeyqOGLSaYV4Mf9ukyOSweV,29984cf9-1c24-4f35-80c7-0d5e69318f80,,,,,,Toasted,0.0
B7UeyqOGLSaYV4Mf9ukyOSweV,29984cf9-1c24-4f35-80c7-0d5e69318f80,,,,,,Cucumber,1.25
B7UeyqOGLSaYV4Mf9ukyOSweV,29984cf9-1c24-4f35-80c7-0d5e69318f80,,,,,,Pickled Onion,1.25
B7UeyqOGLSaYV4Mf9ukyOSweV,29984cf9-1c24-4f35-80c7-0d5e69318f80,,,,,,Tomato,2.0
B7UeyqOGLSaYV4Mf9ukyOSweV,29984cf9-1c24-4f35-80c7-0d5e69318f80,,,,,,Toast dark,0.0
B7UeyqOGLSaYV4Mf9ukyOSweV,8a87e244-062f-4014-a256-7f3bd779da64,Espresso,1.0,2.75,5.5,5.95,,
B7UeyqOGLSaYV4Mf9ukyOSweV,8a87e244-062f-4014-a256-7f3bd779da64,,,,,,Extra Shot,1.0
B7UeyqOGLSaYV4Mf9ukyOSweV,8a87e244-062f-4014-a256-7f3bd779da64,,,,,,Extra Shot,1.0
B7UeyqOGLSaYV4Mf9ukyOSweV,8a87e244-062f-4014-a256-7f3bd779da64,,,,,,Shots over ice,0.75
n6aqqz09HxHUrk2yPyJla71eV,376fbf64-ba93-4839-8df6-8cd4973b8e88,Iced Chai Latte,1.0,5.0,5.0,5.4,,
tDFeGDIazeRp3o5l4w19Cz5eV,f9a18648-3706-42c1-9c6a-044f6af808aa,Iced Matcha,1.0,6.5,8.0,8.64,,
tDFeGDIazeRp3o5l4w19Cz5eV,f9a18648-3706-42c1-9c6a-044f6af808aa,,,,,,Cold Foam,1.5
tDFeGDIazeRp3o5l4w19Cz5eV,6ba407df-666f-42ed-ba61-2fccf854d1bf,Knead Donut,1.0,4.5,4.5,4.86,,
h5t3qUk8NEtEvksXK6QLGHleV,ae0517de-560e-4d05-b37c-ec9fa7a193c3,Latte,1.0,4.75,4.75,5.13,,
h5t3qUk8NEtEvksXK6QLGHleV,3e87889f-03df-4717-8cba-ec31dc048ecb,"Iced Tea (Black, Red Berry, or Green Mint)",1.0,4.5,4.5,4.86,,
h5t3qUk8NEtEvksXK6QLGHleV,423e3034-2d6a-415f-9687-7b9fd1a1ca74,Avo Toast,1.0,10.0,10.0,10.8,,
h5t3qUk8NEtEvksXK6QLGHleV,91a14f7f-f10b-425c-82f4-48fd1587bdba,Bagel + Cream Cheese,1.0,4.0,4.0,4.32,,
h5t3qUk8NEtEvksXK6QLGHleV,91a14f7f-f10b-425c-82f4-48fd1587bdba,,,,,,Plain,0.0
h5t3qUk8NEtEvksXK6QLGHleV,91a14f7f-f10b-425c-82f4-48fd1587bdba,,,,,,Toasted,0.0
PqipdMHLQ3EEB1ejjtVTAOheV,a87ce145-cba7-4167-8391-146feb325a6d,Hot Choc,1.0,4.5,5.5,5.94,,
PqipdMHLQ3EEB1ejjtVTAOheV,a87ce145-cba7-4167-8391-146feb325a6d,,,,,,Whipped Cream,1.0
PqipdMHLQ3EEB1ejjtVTAOheV,0c37c06b-e8ec-44a5-8684-f95057a7467c,Cookie,2.0,3.5,7.0,7.56,,
VlWl5cfOV9NCBEJkPfcwaIxeV,4a6559bb-2f83-44fd-998f-46cad8511b16,Knead Donut,1.0,4.5,4.5,4.86,,
VlWl5cfOV9NCBEJkPfcwaIxeV,99b95e49-2612-4f45-bfd2-176254018d66,Iced Buzzo Latte,1.0,6.25,6.25,6.75,,
1xy4XQcBgLo6J73nVISGQ8eeV,42b157be-2e8e-4216-b61c-3f2a305c2d74,Coffee,1.0,3.75,3.75,4.05,,
1xy4XQcBgLo6J73nVISGQ8eeV,c3598bfb-9477-48ff-b101-423c4a5b38a8,Bagel + Cream Cheese,1.0,4.0,4.0,4.32,,
1xy4XQcBgLo6J73nVISGQ8eeV,c3598bfb-9477-48ff-b101-423c4a5b38a8,,,,,,Everything,0.0
1xy4XQcBgLo6J73nVISGQ8eeV,c3598bfb-9477-48ff-b101-423c4a5b38a8,,,,,,Toasted,0.0
fW6IHgUfHg1KLdsrLEvLofreV,6db53a14-9960-466c-a842-7d0e6c7dc083,Avo Toast,1.0,10.0,10.0,10.8,,
fW6IHgUfHg1KLdsrLEvLofreV,e6384cef-c8b0-450f-bae7-365d46ec4b01,Coffee,1.0,2.75,2.75,2.97,,
VjTGC0p5Eb7sfWYhXCfr7V6eV,74dba9a5-a175-49c3-a741-89e799035d5c,Chai Latte,1.0,4.75,5.25,5.67,,
VjTGC0p5Eb7sfWYhXCfr7V6eV,74dba9a5-a175-49c3-a741-89e799035d5c,,,,,,Oat Milk,0.5
VjTGC0p5Eb7sfWYhXCfr7V6eV,5aa307f1-c201-4115-a248-7c28a8101fa6,Bagel + Cream Cheese,1.0,4.0,4.0,4.32,,
VjTGC0p5Eb7sfWYhXCfr7V6eV,5aa307f1-c201-4115-a248-7c28a8101fa6,,,,,,Sesame,0.0
VjTGC0p5Eb7sfWYhXCfr7V6eV,5aa307f1-c201-4115-a248-7c28a8101fa6,,,,,,Toasted,0.0
DQ203cqfxIjgLpFpeIiC4m3eV,8dc7deaf-0416-4be5-971b-57bc418f66a8,Choc Croissant,1.0,4.0,4.0,4.32,,
DQ203cqfxIjgLpFpeIiC4m3eV,b2946974-916e-4011-9298-b21073a9a729,Bagel + Cream Cheese,1.0,4.0,4.0,4.32,,
DQ203cqfxIjgLpFpeIiC4m3eV,b2946974-916e-4011-9298-b21073a9a729,,,,,,Plain,0.0
DQ203cqfxIjgLpFpeIiC4m3eV,b2946974-916e-4011-9298-b21073a9a729,,,,,,Toasted,0.0
DQ203cqfxIjgLpFpeIiC4m3eV,53007ed7-5a1c-439c-8bd2-97d37fd25f01,Bagel + Cream Cheese,1.0,4.0,4.0,4.32,,
DQ203cqfxIjgLpFpeIiC4m3eV,53007ed7-5a1c-439c-8bd2-97d37fd25f01,,,,,,Sesame,0.0
DQ203cqfxIjgLpFpeIiC4m3eV,53007ed7-5a1c-439c-8bd2-97d37fd25f01,,,,,,Toasted,0.0
ZD2aJXeA5teWAdkrLM0ahp8eV,629c35af-b74a-40d3-8847-6b0ee9daad15,Iced Chai Latte,1.0,5.75,6.25,6.75,,
ZD2aJXeA5teWAdkrLM0ahp8eV,629c35af-b74a-40d3-8847-6b0ee9daad15,,,,,,Oat Milk,0.5
ZD2aJXeA5teWAdkrLM0ahp8eV,6e63d3be-856d-4c98-875f-549eb7dcc783,Knead Donut,1.0,4.5,4.5,4.86,,
3y6U95j2OzT2hjYwGzJkjtheV,c07d73ce-774e-47eb-826d-0dc8706a39ef,Iced Chai Latte,1.0,5.75,5.75,6.21,,
HigT4NU4hUs2swRueZsvYlheV,82e4c6ae-7aca-4213-bf51-85b61e6a1b89,Mocha,1.0,5.25,5.25,5.67,,
Ntiya6PK6sIT6AjQkgIufJkeV,212750c8-19f1-4774-9bac-29fc64e33b3f,Caramello,1.0,5.5,5.5,5.94,,
Bno3xVFEO99wBEFE2iiMcLleV,aeae0f1c-2a5d-43a3-9eb7-ad14ef09d088,Coffee Milk,1.0,4.6,4.6,4.96,,
Bno3xVFEO99wBEFE2iiMcLleV,8cb37364-a23c-452b-a3c1-ef79adef4ebb,Coffee,1.0,2.75,2.75,2.97,,
vkhaPeFwxySxkQhl6KrK3K9eV,b6549f99-0869-4475-9c0a-2d844207a15e,Bagel + Cream Cheese,1.0,4.0,4.0,4.32,,
vkhaPeFwxySxkQhl6KrK3K9eV,b6549f99-0869-4475-9c0a-2d844207a15e,,,,,,Plain,0.0
vkhaPeFwxySxkQhl6KrK3K9eV,b6549f99-0869-4475-9c0a-2d844207a15e,,,,,,Toasted,0.0
vkhaPeFwxySxkQhl6KrK3K9eV,9c935184-1ee5-4728-b295-bacc33a2f439,Iced Caramello,1.0,6.25,6.25,6.75,,
vkhaPeFwxySxkQhl6KrK3K9eV,70282eb8-f923-44f1-b7b7-ac9cc2622fe7,Cookie,1.0,3.5,3.5,3.78,,
vkhaPeFwxySxkQhl6KrK3K9eV,dabebfd3-801f-4497-8420-b1b9c4c21d8c,Winter Specials '23-24 ICED,1.0,6.75,6.75,7.29,,
vkhaPeFwxySxkQhl6KrK3K9eV,dabebfd3-801f-4497-8420-b1b9c4c21d8c,,,,,,Salted Caramel Praline,0.0
X49Y9pycTyysm12Lh9M4GTleV,dad3f488-e099-4a96-96f4-3a3f2c8b57eb,Winter Specials '23-24 ICED,1.0,7.75,8.25,8.91,,
X49Y9pycTyysm12Lh9M4GTleV,dad3f488-e099-4a96-96f4-3a3f2c8b57eb,,,,,,Salted Caramel Praline,0.0
X49Y9pycTyysm12Lh9M4GTleV,dad3f488-e099-4a96-96f4-3a3f2c8b57eb,,,,,,Oat Milk,0.5
3m2LkrzNzZZcF4Be7MFWna7eV,1a068c8b-4167-450a-b3d0-3160819e92b8,Latte,1.0,5.25,6.75,7.29,,
3m2LkrzNzZZcF4Be7MFWna7eV,1a068c8b-4167-450a-b3d0-3160819e92b8,,,,,,Flavored Syrup,1.0
3m2LkrzNzZZcF4Be7MFWna7eV,1a068c8b-4167-450a-b3d0-3160819e92b8,,,,,,Almond Milk,0.5
Tsky1wUWCKaHAtIpiMZGrKAfV,577f3c60-4b1d-42ce-b823-f46235ca94c5,Bagel + Cream Cheese,1.0,4.0,4.0,4.32,,
Tsky1wUWCKaHAtIpiMZGrKAfV,577f3c60-4b1d-42ce-b823-f46235ca94c5,,,,,,Plain,0.0
Tsky1wUWCKaHAtIpiMZGrKAfV,577f3c60-4b1d-42ce-b823-f46235ca94c5,,,,,,Toasted,0.0
DCXK0INgKx7XJaZYsbQrGFxeV,11633ac9-432c-4905-a70b-c6c8a0e7490a,Iced Matcha,1.0,5.5,6.0,6.48,,
DCXK0INgKx7XJaZYsbQrGFxeV,11633ac9-432c-4905-a70b-c6c8a0e7490a,,,,,,Oat Milk,0.5
DCXK0INgKx7XJaZYsbQrGFxeV,bd794beb-5438-47f5-a3cd-7ab327f4781e,Croissant,1.0,3.5,3.5,3.77,,
DCXK0INgKx7XJaZYsbQrGFxeV,8335ed2c-a455-4fe9-827a-e982389fdfe6,Knead Donut,1.0,4.5,4.5,4.87,,
DCXK0INgKx7XJaZYsbQrGFxeV,d466e515-39cb-4161-b243-50f49cdda2d8,Hot Choc,1.0,4.0,5.0,5.4,,
DCXK0INgKx7XJaZYsbQrGFxeV,d466e515-39cb-4161-b243-50f49cdda2d8,,,,,,Whipped Cream,1.0
DYo1IC8sMCPpBLDsZPcTpSzeV,BFC802DD-EC5C-4154-B2E8-18D632D276E0,Bagel + Cream Cheese,1.0,4.0,4.0,4.32,,
DYo1IC8sMCPpBLDsZPcTpSzeV,BFC802DD-EC5C-4154-B2E8-18D632D276E0,,,,,,Toasted,0.0
DYo1IC8sMCPpBLDsZPcTpSzeV,BFC802DD-EC5C-4154-B2E8-18D632D276E0,,,,,,Everything,0.0
DYo1IC8sMCPpBLDsZPcTpSzeV,0e2fdf24-660c-4980-84dd-2df8b0323d74,Iced White Lightning,1.0,6.25,6.25,6.75,,
1Tre6fhr3AiD9POak1Caji7eV,d14a0bf6-0445-4516-a1c8-923bedffffd1,Mocha,1.0,5.25,5.25,5.67,,
1Tre6fhr3AiD9POak1Caji7eV,32fbae98-5c81-4f41-a22d-95fdf511395f,Egg + Cheese,1.0,5.0,7.0,7.56,,
1Tre6fhr3AiD9POak1Caji7eV,32fbae98-5c81-4f41-a22d-95fdf511395f,,,,,,Croissant,0.0
1Tre6fhr3AiD9POak1Caji7eV,32fbae98-5c81-4f41-a22d-95fdf511395f,,,,,,Bacon,2.0
1Tre6fhr3AiD9POak1Caji7eV,32fbae98-5c81-4f41-a22d-95fdf511395f,,,,,,No Aioli,0.0
1Tre6fhr3AiD9POak1Caji7eV,32fbae98-5c81-4f41-a22d-95fdf511395f,,,,,,Toasted,0.0
1Tre6fhr3AiD9POak1Caji7eV,32fbae98-5c81-4f41-a22d-95fdf511395f,,,,,,Sub butter for aioli,0.0
1vrFjucXDTRwaNmRYDGS3zjeV,6b81fb47-6b40-4e06-9bdf-10185430ac5d,Bagels,1.0,2.2,8.2,8.86,,
1vrFjucXDTRwaNmRYDGS3zjeV,6b81fb47-6b40-4e06-9bdf-10185430ac5d,,,,,,Croissant,0.0
1vrFjucXDTRwaNmRYDGS3zjeV,6b81fb47-6b40-4e06-9bdf-10185430ac5d,,,,,,Toasted,0.0
1vrFjucXDTRwaNmRYDGS3zjeV,6b81fb47-6b40-4e06-9bdf-10185430ac5d,,,,,,Turkey,5.0
1vrFjucXDTRwaNmRYDGS3zjeV,6b81fb47-6b40-4e06-9bdf-10185430ac5d,,,,,,Cheddar,1.0
1vrFjucXDTRwaNmRYDGS3zjeV,d8feca6a-07dd-485f-b0c6-0b328e16d867,PecanBun,1.0,4.75,4.75,5.13,,
TwYhWbitf6H0E5G3J4pKT67eV,c8bf920a-81f1-4f56-aa46-f656051f07f8,Bottled Water,1.0,2.0,2.0,2.16,,
TwYhWbitf6H0E5G3J4pKT67eV,a1f65e1e-9fb4-4449-b26c-268d6f1c79e2,Candy Bar,1.0,2.25,2.25,2.43,,
pz0Tzt9veE4gKvcbITwhrvweV,d2a430a7-0cc8-4546-a6b7-18748130c8db,Hot Choc,1.0,4.5,5.5,5.94,,
pz0Tzt9veE4gKvcbITwhrvweV,d2a430a7-0cc8-4546-a6b7-18748130c8db,,,,,,Whipped Cream,1.0
Ly9qYAv2qMqGYyXiiRpPrnyeV,7a70855f-6cbc-4250-a088-7c3aaea22581,Bagel + Butter/EB,1.0,3.5,3.5,3.78,,
Ly9qYAv2qMqGYyXiiRpPrnyeV,7a70855f-6cbc-4250-a088-7c3aaea22581,,,,,,Everything,0.0
Ly9qYAv2qMqGYyXiiRpPrnyeV,7a70855f-6cbc-4250-a088-7c3aaea22581,,,,,,Toasted,0.0
Ly9qYAv2qMqGYyXiiRpPrnyeV,7a70855f-6cbc-4250-a088-7c3aaea22581,,,,,,Cut in quarters,0.0
jgmIxioOFsqR4WZPmJ5TeGmeV,a35ec728-2b61-4ef6-9241-e42148b0e604,Egg + Cheese,1.0,5.0,7.0,7.56,,
jgmIxioOFsqR4WZPmJ5TeGmeV,a35ec728-2b61-4ef6-9241-e42148b0e604,,,,,,Plain,0.0
jgmIxioOFsqR4WZPmJ5TeGmeV,a35ec728-2b61-4ef6-9241-e42148b0e604,,,,,,Bacon,2.0
jgmIxioOFsqR4WZPmJ5TeGmeV,a35ec728-2b61-4ef6-9241-e42148b0e604,,,,,,Toasted,0.0
NN2AgUAHPQAM16UnmE6kXi8eV,898cce2c-0dcc-415c-b36a-8d9254de7120,Iced Coffee,1.0,4.0,4.0,4.32,,
rG3e4SvrNaF5VQ8QeoGrr7ueV,b3fdd5a4-cc0b-4690-972f-99f4e48908e3,Iced Coffee,1.0,4.75,5.75,6.21,,
rG3e4SvrNaF5VQ8QeoGrr7ueV,b3fdd5a4-cc0b-4690-972f-99f4e48908e3,,,,,,Flavored Syrup,1.0
rG3e4SvrNaF5VQ8QeoGrr7ueV,4ef24d3a-a07d-4951-b87c-ff20cd24d1c0,Bagel + Chive CC,2.0,5.0,10.0,10.8,,
rG3e4SvrNaF5VQ8QeoGrr7ueV,4ef24d3a-a07d-4951-b87c-ff20cd24d1c0,,,,,,Plain,0.0
rG3e4SvrNaF5VQ8QeoGrr7ueV,4ef24d3a-a07d-4951-b87c-ff20cd24d1c0,,,,,,Toasted,0.0
9vJb89CXjjtuaZzr7UMl7YAfV,04265437-d54e-4fbb-8f7b-3479038aac72,Bagel + Cream Cheese,1.0,4.0,4.0,4.32,,
9vJb89CXjjtuaZzr7UMl7YAfV,04265437-d54e-4fbb-8f7b-3479038aac72,,,,,,Seeded,0.0
9vJb89CXjjtuaZzr7UMl7YAfV,04265437-d54e-4fbb-8f7b-3479038aac72,,,,,,Not Toasted,0.0
VPxkDwaaVh9Vgj4NWm9TnnweV,61a981ee-1030-4736-906d-4f4495b5c62b,Hibiscus Sprtz,1.0,4.0,4.0,4.32,,
NHfURXTLfPuCZjbiCxpF7l3eV,56d0ae7d-978e-4c9a-996d-d0891fd94265,Egg + Cheese,1.0,5.0,7.0,7.56,,
NHfURXTLfPuCZjbiCxpF7l3eV,56d0ae7d-978e-4c9a-996d-d0891fd94265,,,,,,Asiago,0.0
NHfURXTLfPuCZjbiCxpF7l3eV,56d0ae7d-978e-4c9a-996d-d0891fd94265,,,,,,Bacon,2.0
NHfURXTLfPuCZjbiCxpF7l3eV,56d0ae7d-978e-4c9a-996d-d0891fd94265,,,,,,Toasted,0.0
NHfURXTLfPuCZjbiCxpF7l3eV,be6bc734-a9da-4dcf-9fce-5357d331eab0,Iced Matcha,1.0,6.5,8.5,9.18,,
NHfURXTLfPuCZjbiCxpF7l3eV,be6bc734-a9da-4dcf-9fce-5357d331eab0,,,,,,Oat Milk,0.5
NHfURXTLfPuCZjbiCxpF7l3eV,be6bc734-a9da-4dcf-9fce-5357d331eab0,,,,,,Cold Foam,1.5
j8mnIWD1Myi2rnsGf6kB79ieV,f70611d2-e6f4-4d69-9fbb-28f5ba38fc33,Iced Chai Latte,1.0,5.75,6.25,6.75,,
j8mnIWD1Myi2rnsGf6kB79ieV,f70611d2-e6f4-4d69-9fbb-28f5ba38fc33,,,,,,Almond Milk,0.5
j8mnIWD1Myi2rnsGf6kB79ieV,6f7f6634-4379-435f-9099-062a00be930f,Choc Croissant,1.0,4.0,4.0,4.32,,
9N6i9OXupgGj6lu0xv2l3t9eV,42ba345c-79a3-49f8-8786-d93410cca037,Caramello,1.0,6.25,6.25,6.75,,
BPOCckgaRqYTkGKv1AwJCF9eV,7220cffe-0170-41fd-adc9-c12c5a465e04,Egg + Cheese,1.0,5.0,7.0,7.56,,
BPOCckgaRqYTkGKv1AwJCF9eV,7220cffe-0170-41fd-adc9-c12c5a465e04,,,,,,Plain,0.0
BPOCckgaRqYTkGKv1AwJCF9eV,7220cffe-0170-41fd-adc9-c12c5a465e04,,,,,,Vegan Sausage,2.0
BPOCckgaRqYTkGKv1AwJCF9eV,7220cffe-0170-41fd-adc9-c12c5a465e04,,,,,,Toasted,0.0
P8X3lo4jkw2C5dnusWCfaNoeV,1a20bf38-1eaa-46d1-b3ac-30c2d855ce8e,Knead Donut,1.0,4.5,4.5,4.86,,
1LbQu3TNHGCP4VbV1mmNqXteV,57c1ba3c-7dde-4efb-adb3-134ce89d3ee4,Hot Choc,1.0,5.0,6.0,6.48,,
1LbQu3TNHGCP4VbV1mmNqXteV,57c1ba3c-7dde-4efb-adb3-134ce89d3ee4,,,,,,Whipped Cream,1.0
1LbQu3TNHGCP4VbV1mmNqXteV,35ac542b-c4b6-46fc-bfbf-3d4f406163a3,CC + Avo,1.0,7.0,7.0,7.56,,
1LbQu3TNHGCP4VbV1mmNqXteV,35ac542b-c4b6-46fc-bfbf-3d4f406163a3,,,,,,Asiago,0.0
1LbQu3TNHGCP4VbV1mmNqXteV,35ac542b-c4b6-46fc-bfbf-3d4f406163a3,,,,,,Toasted,0.0
72TmWWEepoVJV84rmvaXQtveV,a7dbdd0b-a052-47f6-8405-41b2e6ab3b9b,Coffee,1.0,3.75,3.75,4.05,,
72TmWWEepoVJV84rmvaXQtveV,901a72c4-6e2b-4796-9bd5-0542a05f9aed,Knead Donut,1.0,4.5,4.5,4.86,,
TiXiJ3HCOPhqJ71hBzY9JhleV,f22d3556-5d94-4177-8a40-2c845ace30db,Bagel + Cream Cheese,1.0,4.0,4.0,4.32,,
TiXiJ3HCOPhqJ71hBzY9JhleV,f22d3556-5d94-4177-8a40-2c845ace30db,,,,,,Plain,0.0
TiXiJ3HCOPhqJ71hBzY9JhleV,f22d3556-5d94-4177-8a40-2c845ace30db,,,,,,Toasted,0.0
dl0fm60SImlYdWaoz0PgVkgeV,3c13a3ce-917b-4146-8d2c-d79ba7ea557a,Maple Latte,1.0,6.25,6.25,6.75,,
dl0fm60SImlYdWaoz0PgVkgeV,730635e1-1633-4c06-9592-a930099e58b9,Coffee Beans,1.0,15.0,15.0,16.2,,
dl0fm60SImlYdWaoz0PgVkgeV,e0115df5-49ea-4432-b022-2b806dc4bdba,Matcha Latte,1.0,5.5,6.0,6.48,,
dl0fm60SImlYdWaoz0PgVkgeV,e0115df5-49ea-4432-b022-2b806dc4bdba,,,,,,Oat Milk,0.5
nwbrxBJOeoQI8JaJaNRfGOreV,3700fa31-37da-4a48-97b7-0c49c3de683e,Coffee,1.0,3.75,3.75,4.05,,
74MYPdakYLcOYSrux5QDnUoeV,f6b7f9f9-1f74-4da7-bc73-293e910463d4,Knead Donut,2.0,4.5,9.0,9.72,,
74MYPdakYLcOYSrux5QDnUoeV,1bf02a1c-281c-4a2d-9de0-78222d295814,Cookie,1.0,3.5,3.5,3.78,,
74MYPdakYLcOYSrux5QDnUoeV,52cc455c-2a7a-4ebe-92fc-8b00857daa47,Coffee,1.0,3.25,3.25,3.51,,
lvjlgH4SyV8XvrJciC0QgqgeV,2d36a848-5101-4b80-a962-b50434914922,Lavender Latte,1.0,6.25,6.25,6.75,,
lvjlgH4SyV8XvrJciC0QgqgeV,e5f0d192-9418-40d1-9c7e-262422ba1ebe,Cinnamon Bun,1.0,5.5,5.5,5.94,,
jUOJOctxbM5QyLOyDEkuk38eV,3959e7ac-4d69-4817-b517-a0e85084df17,Choc Croissant,1.0,4.0,4.0,4.32,,
jUOJOctxbM5QyLOyDEkuk38eV,194f60af-8c28-442f-88ec-fe48d7fae225,Egg + Cheese,1.0,5.0,5.0,5.4,,
jUOJOctxbM5QyLOyDEkuk38eV,194f60af-8c28-442f-88ec-fe48d7fae225,,,,,,Croissant,0.0
jUOJOctxbM5QyLOyDEkuk38eV,194f60af-8c28-442f-88ec-fe48d7fae225,,,,,,No Aioli,0.0
jUOJOctxbM5QyLOyDEkuk38eV,194f60af-8c28-442f-88ec-fe48d7fae225,,,,,,Toasted,0.0
jUOJOctxbM5QyLOyDEkuk38eV,194f60af-8c28-442f-88ec-fe48d7fae225,,,,,,Sub butter for aioli,0.0
jUOJOctxbM5QyLOyDEkuk38eV,039ecc08-6ced-4c37-bdc4-840d683838f8,Iced Lavender Latte,1.0,7.25,7.75,8.37,,
jUOJOctxbM5QyLOyDEkuk38eV,039ecc08-6ced-4c37-bdc4-840d683838f8,,,,,,Oat Milk,0.5
jUOJOctxbM5QyLOyDEkuk38eV,5fa0a1c0-a366-497f-b87d-d75f2cb6b44f,Coffee,1.0,3.75,3.75,4.05,,
Ds8Ara2NVDDDDPSoarAHXpneV,34d700a1-de53-4152-a4eb-04b9db74f96d,Coffee,1.0,3.25,3.25,3.51,,
fEB2G0N90HhoxSsxrDJDds6eV,627825b2-ae8d-4db2-a3f4-9d0723dceb8c,Latte,1.0,5.25,6.75,7.29,,
fEB2G0N90HhoxSsxrDJDds6eV,627825b2-ae8d-4db2-a3f4-9d0723dceb8c,,,,,,Flavored Syrup,1.0
fEB2G0N90HhoxSsxrDJDds6eV,627825b2-ae8d-4db2-a3f4-9d0723dceb8c,,,,,,Oat Milk,0.5
fEB2G0N90HhoxSsxrDJDds6eV,2bb63314-6cab-4878-9b09-3d5300fb4784,Egg + Cheese,1.0,5.0,5.0,5.4,,
fEB2G0N90HhoxSsxrDJDds6eV,2bb63314-6cab-4878-9b09-3d5300fb4784,,,,,,English Muffin,0.0
fEB2G0N90HhoxSsxrDJDds6eV,2bb63314-6cab-4878-9b09-3d5300fb4784,,,,,,No Aioli,0.0
fEB2G0N90HhoxSsxrDJDds6eV,2bb63314-6cab-4878-9b09-3d5300fb4784,,,,,,Toasted,0.0
5DaMjJsWXtlIZrZZ40NOXgyeV,db3e6343-4e98-403f-ab4b-f696d4459f4a,1/2 Gal Iced Coffee,1.0,14.0,14.0,15.12,,
ZBFciBgJR4QCyV6gUYKuZh0eV,ec13e9b4-f83f-491f-bac7-d2ef990e45f3,Egg + Cheese,1.0,5.0,7.0,7.56,,
ZBFciBgJR4QCyV6gUYKuZh0eV,ec13e9b4-f83f-491f-bac7-d2ef990e45f3,,,,,,Everything,0.0
ZBFciBgJR4QCyV6gUYKuZh0eV,ec13e9b4-f83f-491f-bac7-d2ef990e45f3,,,,,,Bacon,2.0
ZBFciBgJR4QCyV6gUYKuZh0eV,ec13e9b4-f83f-491f-bac7-d2ef990e45f3,,,,,,Toasted,0.0
NBStK891NZDYcSdmhCFMmOheV,cdd015fc-a8ab-4ccf-8c7c-29f5ca82afb8,Cookie,1.0,3.5,3.5,3.78,,
BDWTHnGJ5oG5hjaMxhA49oieV,2c5fb0bb-7af6-4084-a87a-35e0d7a2a567,Egg + Cheese,1.0,5.0,7.0,7.56,,
BDWTHnGJ5oG5hjaMxhA49oieV,2c5fb0bb-7af6-4084-a87a-35e0d7a2a567,,,,,,Asiago,0.0
BDWTHnGJ5oG5hjaMxhA49oieV,2c5fb0bb-7af6-4084-a87a-35e0d7a2a567,,,,,,Bacon,2.0
BDWTHnGJ5oG5hjaMxhA49oieV,2c5fb0bb-7af6-4084-a87a-35e0d7a2a567,,,,,,Toasted,0.0
BDWTHnGJ5oG5hjaMxhA49oieV,10e855cf-5f0c-470e-9eb6-eeca62dd2711,Almond Croissant,1.0,4.0,4.0,4.32,,
Nbn3fDI6VdGdCvcRfyy2poueV,bb182b21-e1cf-4a9e-9226-dc58ac53d95b,Iced White Lightning,1.0,7.25,7.25,7.83,,
ny47UW1CUnb0W2SfzViakJ9eV,b5d0e943-3f79-4a5a-b642-1d202638336c,Caramello,1.0,6.25,7.75,8.37,,
ny47UW1CUnb0W2SfzViakJ9eV,b5d0e943-3f79-4a5a-b642-1d202638336c,,,,,,Extra Shot,1.0
ny47UW1CUnb0W2SfzViakJ9eV,b5d0e943-3f79-4a5a-b642-1d202638336c,,,,,,Soy Milk,0.5
ny47UW1CUnb0W2SfzViakJ9eV,bd0aa9c1-8422-4533-884e-2d560730af9f,Chai Latte,1.0,4.25,6.75,7.29,,
ny47UW1CUnb0W2SfzViakJ9eV,bd0aa9c1-8422-4533-884e-2d560730af9f,,,,,,Extra Shot,1.0
ny47UW1CUnb0W2SfzViakJ9eV,bd0aa9c1-8422-4533-884e-2d560730af9f,,,,,,Extra Shot,1.0
ny47UW1CUnb0W2SfzViakJ9eV,bd0aa9c1-8422-4533-884e-2d560730af9f,,,,,,Oat Milk,0.5
ny47UW1CUnb0W2SfzViakJ9eV,85cfd25d-ddb3-4dc9-b8de-16315ae35bd8,Tea,1.0,4.0,4.0,4.32,,
XQVAGdoEpsizRYol6s5Wej4eV,381ae27c-370b-4f0f-9779-9ecae9f9dce6,Latte,1.0,5.25,5.25,5.67,,
XQVAGdoEpsizRYol6s5Wej4eV,204ef9ed-3b0a-4a3b-b201-9fc482623978,Knead Donut,1.0,4.5,4.5,4.86,,
hvsZGApAQonxILZoFeJj9HgeV,a8c23679-1174-4cc9-bf71-1c17727e8a46,Iced Coffee,1.0,4.75,4.75,5.13,,
RDCBSLsTq0eK0v6w881eLs1eV,3de08417-d8d9-4778-a017-895391e88a6a,"Iced Tea (Black, Red Berry, or Green Mint)",1.0,4.5,4.5,4.86,,
N9mkogrL3bwas8NdZPPdfYweV,d1d3fa3c-1c01-4d85-be0a-681a81c2176e,Americano,1.0,5.0,5.0,5.4,,
N9mkogrL3bwas8NdZPPdfYweV,05b4097d-e964-4f60-b260-7a7a38faf5b6,Bagel + Cream Cheese,1.0,4.0,4.0,4.32,,
N9mkogrL3bwas8NdZPPdfYweV,05b4097d-e964-4f60-b260-7a7a38faf5b6,,,,,,Plain,0.0
N9mkogrL3bwas8NdZPPdfYweV,05b4097d-e964-4f60-b260-7a7a38faf5b6,,,,,,Toasted,0.0
N9mkogrL3bwas8NdZPPdfYweV,492a20de-ea7a-4a3f-b4f3-c2c8d51bd543,Muffin,1.0,4.0,4.0,4.32,,
T8ztnH2I4BzcTVilsmo6jMlOtebZY,Dm1ws9A9u0aGYcWRhijAa,Egg and Cheese Sandwich,1.0,5.0,5.75,6.15,,
T8ztnH2I4BzcTVilsmo6jMlOtebZY,Dm1ws9A9u0aGYcWRhijAa,,,,,,English Muffin,0.0
T8ztnH2I4BzcTVilsmo6jMlOtebZY,Dm1ws9A9u0aGYcWRhijAa,,,,,,Toasted,0.0
T8ztnH2I4BzcTVilsmo6jMlOtebZY,Dm1ws9A9u0aGYcWRhijAa,,,,,,No Cheese,0.0
T8ztnH2I4BzcTVilsmo6jMlOtebZY,Dm1ws9A9u0aGYcWRhijAa,,,,,,Mixed Greens,0.75
h5xzXmLt3UNlSaTTdWbP6KveV,f2b37b1c-c123-4a5e-b493-777e9bfd6cab,Coffee,1.0,2.75,2.75,2.97,,
JFh34OdAWl4xIhFigQvpDf5eV,f96d0705-0714-476a-b7f8-3d896e0b5583,Coffee,1.0,2.75,2.75,2.97,,
JFh34OdAWl4xIhFigQvpDf5eV,b1a7c388-94a4-4a05-a60f-9ba67d69ce00,Bagel + Cream Cheese,1.0,4.0,4.0,4.32,,
JFh34OdAWl4xIhFigQvpDf5eV,b1a7c388-94a4-4a05-a60f-9ba67d69ce00,,,,,,Everything,0.0
JFh34OdAWl4xIhFigQvpDf5eV,b1a7c388-94a4-4a05-a60f-9ba67d69ce00,,,,,,Toasted,0.0
PcPJ0sw9H4VioiB7WL6gB6reV,e91417b8-59f0-4831-96ec-0ede0bb158d0,Bagel + Cream Cheese,1.0,4.0,4.0,4.32,,
PcPJ0sw9H4VioiB7WL6gB6reV,e91417b8-59f0-4831-96ec-0ede0bb158d0,,,,,,Plain,0.0
PcPJ0sw9H4VioiB7WL6gB6reV,e91417b8-59f0-4831-96ec-0ede0bb158d0,,,,,,Toasted,0.0
PcPJ0sw9H4VioiB7WL6gB6reV,df67fcfa-8352-400d-aa56-1f05c511df37,Coffee,1.0,2.75,2.75,2.97,,
ZhVeNE9eECtQOr1w2iFMBogeV,3d6442fd-c6e7-4ec8-8f94-524d325ae420,Iced Coffee,1.0,4.75,4.75,5.13,,
bmZnNAhVITnSxi21PaHdcFfeV,880db55f-a032-44a9-b7ce-e5d2b3f39c9c,Espresso,1.0,2.75,2.75,2.97,,
bmZnNAhVITnSxi21PaHdcFfeV,d20a9cb7-5026-45d8-bd52-715e09afe14d,Knead Donut,1.0,4.5,4.5,4.86,,
bmZnNAhVITnSxi21PaHdcFfeV,89c3dbd8-e83d-4342-97ba-f801952bb020,Coffee,1.0,2.75,2.75,2.97,,
fyMWhSC2sXVIbjg6g0NRj8xeV,3cc0e6be-4b53-460f-999c-311e8563d8fb,Chai Latte,1.0,4.25,4.75,5.13,,
fyMWhSC2sXVIbjg6g0NRj8xeV,3cc0e6be-4b53-460f-999c-311e8563d8fb,,,,,,Oat Milk,0.5
fyMWhSC2sXVIbjg6g0NRj8xeV,09d1b88b-bb2c-4f10-84cc-d849bb24e9fe,Coffee,1.0,2.75,2.75,2.97,,
fyMWhSC2sXVIbjg6g0NRj8xeV,3000f0f6-9029-478d-b429-bf1eb569c1d1,Bagel + Cream Cheese,1.0,4.0,6.0,6.48,,
fyMWhSC2sXVIbjg6g0NRj8xeV,3000f0f6-9029-478d-b429-bf1eb569c1d1,,,,,,Cinnamon Raisin,0.0
fyMWhSC2sXVIbjg6g0NRj8xeV,3000f0f6-9029-478d-b429-bf1eb569c1d1,,,,,,Toasted,0.0
fyMWhSC2sXVIbjg6g0NRj8xeV,3000f0f6-9029-478d-b429-bf1eb569c1d1,,,,,,Tomato,2.0
Fxq4ccMIb0IgQXZ8TKNy2d3eV,fd4c508f-ec71-4c99-ae4c-35915d380ebc,Bagel + Cream Cheese,1.0,4.0,4.0,4.32,,
Fxq4ccMIb0IgQXZ8TKNy2d3eV,fd4c508f-ec71-4c99-ae4c-35915d380ebc,,,,,,Everything,0.0
Fxq4ccMIb0IgQXZ8TKNy2d3eV,fd4c508f-ec71-4c99-ae4c-35915d380ebc,,,,,,Toasted,0.0
Fxq4ccMIb0IgQXZ8TKNy2d3eV,ecb1a68a-5671-40db-bbdb-493cd8675a58,Iced Coffee,1.0,4.0,4.0,4.32,,
1J89aKRa5qwXGbwowmoFE3teV,bb1bfb6d-9e83-4ba7-8cd2-a58b4b934f80,Egg + Cheese,1.0,5.0,7.5,8.1,,
1J89aKRa5qwXGbwowmoFE3teV,bb1bfb6d-9e83-4ba7-8cd2-a58b4b934f80,,,,,,Garlic,0.0
1J89aKRa5qwXGbwowmoFE3teV,bb1bfb6d-9e83-4ba7-8cd2-a58b4b934f80,,,,,,Bacon,2.0
1J89aKRa5qwXGbwowmoFE3teV,bb1bfb6d-9e83-4ba7-8cd2-a58b4b934f80,,,,,,No Aioli,0.0
1J89aKRa5qwXGbwowmoFE3teV,bb1bfb6d-9e83-4ba7-8cd2-a58b4b934f80,,,,,,Toasted,0.0
1J89aKRa5qwXGbwowmoFE3teV,bb1bfb6d-9e83-4ba7-8cd2-a58b4b934f80,,,,,,Red Onion,0.5
1J89aKRa5qwXGbwowmoFE3teV,bb1bfb6d-9e83-4ba7-8cd2-a58b4b934f80,,,,,,Sub butter for aioli,0.0
1J89aKRa5qwXGbwowmoFE3teV,3c799ff3-2843-416b-899c-80a7cff4c516,Coffee,1.0,3.25,3.25,3.51,,
ZJnR5bALkOLNawzZMwwP9t6eV,11bb9cad-9e12-4f72-8914-1d30204896b8,Avocado BLT Sandwich,1.0,13.0,13.0,14.04,,
ZJnR5bALkOLNawzZMwwP9t6eV,11bb9cad-9e12-4f72-8914-1d30204896b8,,,,,,Plain,0.0
ZJnR5bALkOLNawzZMwwP9t6eV,11bb9cad-9e12-4f72-8914-1d30204896b8,,,,,,Toasted,0.0
ZJnR5bALkOLNawzZMwwP9t6eV,b69fb86a-027f-477b-b2e4-e6dfc4291438,Iced Matcha,1.0,6.5,7.0,7.56,,
ZJnR5bALkOLNawzZMwwP9t6eV,b69fb86a-027f-477b-b2e4-e6dfc4291438,,,,,,Oat Milk,0.5
3mIaTHuj4who2SKmXWJFWcoeV,c0688d31-8859-4722-9ab5-2faf2151748c,Tea,1.0,3.5,3.5,3.78,,
3mIaTHuj4who2SKmXWJFWcoeV,cf38624d-1ee5-412f-92a0-4158631db0f6,Bagels,1.0,2.2,4.0,4.32,,
3mIaTHuj4who2SKmXWJFWcoeV,cf38624d-1ee5-412f-92a0-4158631db0f6,,,,,,Plain,0.0
3mIaTHuj4who2SKmXWJFWcoeV,cf38624d-1ee5-412f-92a0-4158631db0f6,,,,,,Toasted,0.0
3mIaTHuj4who2SKmXWJFWcoeV,cf38624d-1ee5-412f-92a0-4158631db0f6,,,,,,Hummus,1.8
hV5KuTjwbffvyOXU9vK8WNteV,85b989e6-c7d1-4880-aa43-428a29001053,Egg + Cheese,1.0,5.0,7.0,7.56,,
hV5KuTjwbffvyOXU9vK8WNteV,85b989e6-c7d1-4880-aa43-428a29001053,,,,,,English Muffin,0.0
hV5KuTjwbffvyOXU9vK8WNteV,85b989e6-c7d1-4880-aa43-428a29001053,,,,,,Vegan Sausage,2.0
hV5KuTjwbffvyOXU9vK8WNteV,85b989e6-c7d1-4880-aa43-428a29001053,,,,,,No Aioli,0.0
hV5KuTjwbffvyOXU9vK8WNteV,85b989e6-c7d1-4880-aa43-428a29001053,,,,,,Toasted,0.0
hV5KuTjwbffvyOXU9vK8WNteV,73b11758-79e3-4cd5-921f-2678889f79eb,Latte,1.0,5.25,6.25,6.75,,
hV5KuTjwbffvyOXU9vK8WNteV,73b11758-79e3-4cd5-921f-2678889f79eb,,,,,,Flavored Syrup,1.0
HYZOivirf8exNBFKZOHQY5feV,d7c82299-4273-43bf-888f-79d75aa6baaf,Iced Coffee,1.0,4.75,4.75,5.13,,
hRtVkOrJitHsCLaAptEwZXweV,3baf7cf5-d509-4b5c-9606-bf67da611c64,Bagels,1.0,2.2,4.0,4.32,,
hRtVkOrJitHsCLaAptEwZXweV,3baf7cf5-d509-4b5c-9606-bf67da611c64,,,,,,Seeded,0.0
hRtVkOrJitHsCLaAptEwZXweV,3baf7cf5-d509-4b5c-9606-bf67da611c64,,,,,,Toasted,0.0
hRtVkOrJitHsCLaAptEwZXweV,3baf7cf5-d509-4b5c-9606-bf67da611c64,,,,,,Peanut Butter,1.8
38NjFXNV5wDe2LSH34Yb3f2eV,5EA82602-9DCC-429E-B0A3-8A6D1475C736,Egg + Cheese,1.0,5.0,8.25,8.91,,
38NjFXNV5wDe2LSH34Yb3f2eV,5EA82602-9DCC-429E-B0A3-8A6D1475C736,,,,,,Plain,0.0
38NjFXNV5wDe2LSH34Yb3f2eV,5EA82602-9DCC-429E-B0A3-8A6D1475C736,,,,,,Toasted,0.0
38NjFXNV5wDe2LSH34Yb3f2eV,5EA82602-9DCC-429E-B0A3-8A6D1475C736,,,,,,Bacon,2.0
38NjFXNV5wDe2LSH34Yb3f2eV,5EA82602-9DCC-429E-B0A3-8A6D1475C736,,,,,,Extra egg,1.25
t5GLZi2RwNcX2DVZClwxqZueV,d5c2709c-4526-480b-ba48-7a49abe61b3f,Coffee,1.0,2.75,2.75,2.97,,
BpjmmRcpG4F2ApESuflVXF1eV,931C926E-946E-4252-8954-0A331408E19E,Egg + Cheese,1.0,5.0,7.0,7.56,,
BpjmmRcpG4F2ApESuflVXF1eV,931C926E-946E-4252-8954-0A331408E19E,,,,,,Plain,0.0
BpjmmRcpG4F2ApESuflVXF1eV,931C926E-946E-4252-8954-0A331408E19E,,,,,,Vegan Sausage,2.0
BpjmmRcpG4F2ApESuflVXF1eV,931C926E-946E-4252-8954-0A331408E19E,,,,,,Toasted,0.0
BpjmmRcpG4F2ApESuflVXF1eV,2EB1CD45-60F6-42CF-9579-D29A614FD3B6,Knead Donut,1.0,4.5,4.5,4.86,,
BpjmmRcpG4F2ApESuflVXF1eV,e00f0711-f80d-4778-ad80-6b589afd4387,Coffee,1.0,3.75,3.75,4.05,,
1j9l9UxOMIte8FdFhMt0KXseV,462C299F-8B00-4B45-9D75-C4A5E3E9B6F8,Egg + Cheese,1.0,5.0,7.0,7.56,,
1j9l9UxOMIte8FdFhMt0KXseV,462C299F-8B00-4B45-9D75-C4A5E3E9B6F8,,,,,,Toasted,0.0
1j9l9UxOMIte8FdFhMt0KXseV,462C299F-8B00-4B45-9D75-C4A5E3E9B6F8,,,,,,Everything,0.0
1j9l9UxOMIte8FdFhMt0KXseV,462C299F-8B00-4B45-9D75-C4A5E3E9B6F8,,,,,,2 Slices ham,2.0
1j9l9UxOMIte8FdFhMt0KXseV,462C299F-8B00-4B45-9D75-C4A5E3E9B6F8,,,,,,No Aioli,0.0
1j9l9UxOMIte8FdFhMt0KXseV,dab9df0e-2c7b-4302-a7fc-927ef3af9a51,Coke,1.0,2.5,2.5,2.7,,
xNLPsK8PjC52shquTj8KCDueV,f4781b6b-dc2a-41f8-ba9b-e94d0b887eb0,Coffee,1.0,2.75,2.75,2.86,,
xNLPsK8PjC52shquTj8KCDueV,ac008933-df6f-4d83-85e1-5d61329fd7fb,Bagel + Cream Cheese,1.0,4.0,4.0,4.16,,
xNLPsK8PjC52shquTj8KCDueV,ac008933-df6f-4d83-85e1-5d61329fd7fb,,,,,,Everything,0.0
xNLPsK8PjC52shquTj8KCDueV,ac008933-df6f-4d83-85e1-5d61329fd7fb,,,,,,Toasted,0.0
x9zfaHSGI9TrIhiBuqZQWQneV,04ee1dbe-d38c-4ef3-97bd-d535b82b3c07,Coffee,1.0,3.25,3.25,3.51,,
V1wwyyGzQyV8XggqFsHB8P1eV,c3c6bc4e-6146-4787-9d8e-68327d29afc6,Iced Coffee,1.0,4.0,4.0,4.32,,
3m25x2dEgzil98LCihRPFTseV,96c1e4a3-ad36-450c-9aee-7e868efeef36,Chicken Salad Sandwich,1.0,12.0,12.0,12.96,,
3m25x2dEgzil98LCihRPFTseV,96c1e4a3-ad36-450c-9aee-7e868efeef36,,,,,,Everything,0.0
3m25x2dEgzil98LCihRPFTseV,96c1e4a3-ad36-450c-9aee-7e868efeef36,,,,,,Toasted,0.0
3m25x2dEgzil98LCihRPFTseV,95cb4f8b-e83c-4268-8953-43fd4c1fb112,Latte,1.0,4.75,4.75,5.13,,
tzvJnnGSuICWqGAgKgGRZAjeV,1ee96bd3-bd67-49c2-8693-cf9720ffa443,Bagel + Butter/EB,2.0,3.5,7.0,7.56,,
tzvJnnGSuICWqGAgKgGRZAjeV,1ee96bd3-bd67-49c2-8693-cf9720ffa443,,,,,,Everything,0.0
tzvJnnGSuICWqGAgKgGRZAjeV,1ee96bd3-bd67-49c2-8693-cf9720ffa443,,,,,,Toasted,0.0
tzvJnnGSuICWqGAgKgGRZAjeV,1ee96bd3-bd67-49c2-8693-cf9720ffa443,,,,,,Extra topping,0.0
tzvJnnGSuICWqGAgKgGRZAjeV,6307c7c7-0907-4746-90ec-71bec6c798a4,Iced Mocha,1.0,6.5,7.5,8.1,,
tzvJnnGSuICWqGAgKgGRZAjeV,6307c7c7-0907-4746-90ec-71bec6c798a4,,,,,,Flavored Syrup,1.0
tzvJnnGSuICWqGAgKgGRZAjeV,641c6520-2409-4811-8fd2-8d2c83e4da76,Winter Specials '23-24 ICED,1.0,6.75,7.25,7.83,,
tzvJnnGSuICWqGAgKgGRZAjeV,641c6520-2409-4811-8fd2-8d2c83e4da76,,,,,,Salted Caramel Praline,0.0
tzvJnnGSuICWqGAgKgGRZAjeV,641c6520-2409-4811-8fd2-8d2c83e4da76,,,,,,Oat Milk,0.5
tzvJnnGSuICWqGAgKgGRZAjeV,c0cc52b4-2bc0-4b62-83a1-1e0bacb3b871,Knead Donut,1.0,4.5,4.5,4.86,,
jgC2xOYDbPGtB4UWfdb9W85eV,391fa5d5-539e-4215-bfee-056e93fd9143,Iced Coffee,1.0,4.75,4.75,5.13,,
jgC2xOYDbPGtB4UWfdb9W85eV,3f18a247-0421-4724-81f4-e2ca6a0d0d79,Bagel + Butter/EB,1.0,3.5,3.5,3.78,,
jgC2xOYDbPGtB4UWfdb9W85eV,3f18a247-0421-4724-81f4-e2ca6a0d0d79,,,,,,Seeded,0.0
jgC2xOYDbPGtB4UWfdb9W85eV,3f18a247-0421-4724-81f4-e2ca6a0d0d79,,,,,,Toasted,0.0
jgC2xOYDbPGtB4UWfdb9W85eV,323e7639-c0f6-4640-a5f3-8a00dc6047f2,PecanBun,1.0,4.75,4.75,5.13,,
BdxOjEildAXCjgevLD1jnR2eV,89c680c5-a204-4697-ad62-a6ae0f3e63d1,CC + Lox + Red Onion,1.0,11.0,11.0,11.88,,
BdxOjEildAXCjgevLD1jnR2eV,89c680c5-a204-4697-ad62-a6ae0f3e63d1,,,,,,Everything,0.0
BdxOjEildAXCjgevLD1jnR2eV,89c680c5-a204-4697-ad62-a6ae0f3e63d1,,,,,,Toasted,0.0
BdxOjEildAXCjgevLD1jnR2eV,c8b82b46-130c-4f20-8cb5-396224883a2e,Latte,1.0,4.75,4.75,5.13,,
DkOLF5RoaRQcDKa6SbYIlkveV,f0bb792d-96a7-4281-b763-c0ca56e99bb3,Egg + Cheese,1.0,5.0,5.0,5.4,,
DkOLF5RoaRQcDKa6SbYIlkveV,f0bb792d-96a7-4281-b763-c0ca56e99bb3,,,,,,Plain,0.0
DkOLF5RoaRQcDKa6SbYIlkveV,f0bb792d-96a7-4281-b763-c0ca56e99bb3,,,,,,No cheese,0.0
DkOLF5RoaRQcDKa6SbYIlkveV,f0bb792d-96a7-4281-b763-c0ca56e99bb3,,,,,,Toasted,0.0
DkOLF5RoaRQcDKa6SbYIlkveV,ba13b2f3-509d-4ae8-bc90-f099876a1854,Winter Specials '23-24 ICED,1.0,7.75,7.75,8.37,,
DkOLF5RoaRQcDKa6SbYIlkveV,ba13b2f3-509d-4ae8-bc90-f099876a1854,,,,,,Gingerbread Latte,0.0
DkOLF5RoaRQcDKa6SbYIlkveV,943ae19f-d0f5-433b-a793-5f2860f11d27,Almond Croissant,1.0,4.0,4.0,4.32,,
J3mTxFlczsXplFDn0iuPkF8eV,db556588-1a85-4ef1-ac11-dbb7c4d0c654,Iced Coffee,1.0,4.0,4.0,4.32,,
55rhyigjW6X9CQ7TPs8gTKveV,b185e860-f18b-4abc-be05-80932aa31834,Latte,1.0,4.75,4.75,5.13,,
FxyYW4rgE1SK8SHgB8RHu1ieV,cd0548ee-5bed-4653-b6dd-79b0c9781488,Coffee,1.0,2.75,2.75,2.7,,
Xag9FMN09eBr2txdp0VUmoxeV,7bfc5419-351c-49bb-ae05-baf43576d17b,Coffee,1.0,3.75,3.75,4.05,,
Xag9FMN09eBr2txdp0VUmoxeV,bc80bbfb-3d7d-4812-ab6f-4992316b6872,Muffin,1.0,4.0,4.0,4.32,,
3Kw7IytsRXH0WZldf1ApTMfeV,da06094c-9fa5-4589-bf38-8c48b3d4cb26,Coffee,1.0,3.25,3.25,3.51,,
B9pkG9Aq6p6CVFQKMrwS4cyeV,aafd9177-8d50-4e31-ae3c-06729e4a37a0,Iced Buzzo Latte,1.0,7.25,7.75,8.37,,
B9pkG9Aq6p6CVFQKMrwS4cyeV,aafd9177-8d50-4e31-ae3c-06729e4a37a0,,,,,,Oat Milk,0.5
B9pkG9Aq6p6CVFQKMrwS4cyeV,057fd505-bdd3-4f42-9e4d-387b597e24b2,Bagel + Cream Cheese,1.0,4.0,4.0,4.32,,
B9pkG9Aq6p6CVFQKMrwS4cyeV,057fd505-bdd3-4f42-9e4d-387b597e24b2,,,,,,Everything,0.0
B9pkG9Aq6p6CVFQKMrwS4cyeV,057fd505-bdd3-4f42-9e4d-387b597e24b2,,,,,,Toasted,0.0
XiugmB9TNXzbfWx8jQD0VEAfV,0df6b40d-37e7-43e4-aadf-c57115e22beb,Egg + Cheese,1.0,5.0,7.0,7.56,,
XiugmB9TNXzbfWx8jQD0VEAfV,0df6b40d-37e7-43e4-aadf-c57115e22beb,,,,,,English Muffin,0.0
XiugmB9TNXzbfWx8jQD0VEAfV,0df6b40d-37e7-43e4-aadf-c57115e22beb,,,,,,Bacon,2.0
XiugmB9TNXzbfWx8jQD0VEAfV,0df6b40d-37e7-43e4-aadf-c57115e22beb,,,,,,Toasted,0.0
XiugmB9TNXzbfWx8jQD0VEAfV,d6eb5130-4e88-40ea-a80c-53e4d62101c8,Winter Specials '23-24 HOT,1.0,6.75,6.75,7.29,,
XiugmB9TNXzbfWx8jQD0VEAfV,d6eb5130-4e88-40ea-a80c-53e4d62101c8,,,,,,Gingerbread Latte,0.0
5D8thMAUDUdIRMmTv8BRnIseV,e7a8bc8f-0304-4f09-b6ce-a06dde486a1b,Egg + Cheese,1.0,5.0,7.0,7.56,,
5D8thMAUDUdIRMmTv8BRnIseV,e7a8bc8f-0304-4f09-b6ce-a06dde486a1b,,,,,,English Muffin,0.0
5D8thMAUDUdIRMmTv8BRnIseV,e7a8bc8f-0304-4f09-b6ce-a06dde486a1b,,,,,,Bacon,2.0
5D8thMAUDUdIRMmTv8BRnIseV,e7a8bc8f-0304-4f09-b6ce-a06dde486a1b,,,,,,Toasted,0.0
5D8thMAUDUdIRMmTv8BRnIseV,e5dce5fb-0e1b-4c3f-bf8b-91ee36a595a0,Chai Latte,1.0,4.25,5.75,6.21,,
5D8thMAUDUdIRMmTv8BRnIseV,e5dce5fb-0e1b-4c3f-bf8b-91ee36a595a0,,,,,,Extra Shot,1.0
5D8thMAUDUdIRMmTv8BRnIseV,e5dce5fb-0e1b-4c3f-bf8b-91ee36a595a0,,,,,,Oat Milk,0.5
5D8thMAUDUdIRMmTv8BRnIseV,68471376-8631-48e8-9bbe-fa3fad93eaa8,Knead Donut,1.0,4.5,4.5,4.86,,
VdskETo173lJtcXJqAW4VMheV,2c0c9f3c-427a-4f94-8505-44b651d4e05b,Bagels,1.0,2.2,3.45,3.72,,
VdskETo173lJtcXJqAW4VMheV,2c0c9f3c-427a-4f94-8505-44b651d4e05b,,,,,,Garlic,0.0
VdskETo173lJtcXJqAW4VMheV,2c0c9f3c-427a-4f94-8505-44b651d4e05b,,,,,,Toasted,0.0
VdskETo173lJtcXJqAW4VMheV,2c0c9f3c-427a-4f94-8505-44b651d4e05b,,,,,,Egg,1.25
fM120xdDNBakK72GphIqVS3eV,f6051927-9f7c-4d4b-9fde-cf91306074e0,Iced Maple Latte,1.0,7.25,7.25,7.83,,
fM120xdDNBakK72GphIqVS3eV,c1654a15-da1b-4418-8ed6-a9a9232b7e0a,Bagel + Cream Cheese,1.0,4.0,4.0,4.32,,
fM120xdDNBakK72GphIqVS3eV,c1654a15-da1b-4418-8ed6-a9a9232b7e0a,,,,,,Everything,0.0
fM120xdDNBakK72GphIqVS3eV,c1654a15-da1b-4418-8ed6-a9a9232b7e0a,,,,,,Toasted,0.0
fM120xdDNBakK72GphIqVS3eV,05bc5f5c-4d86-4fe8-9f8e-4010351b152f,Knead Donut,1.0,4.5,4.5,4.86,,
lT7gkfcGRyhcT5u8UTMAgqreV,48c58db7-6969-4b21-bfc7-987928a5784f,Flower Power,1.0,6.25,6.75,7.29,,
lT7gkfcGRyhcT5u8UTMAgqreV,48c58db7-6969-4b21-bfc7-987928a5784f,,,,,,Almond Milk,0.5
Bv0vrrGvyYMLvgL7JR9sf8heV,e6c1d837-48ee-4cbf-879d-7eda77c3fd00,Coffee,1.0,3.25,3.25,3.51,,
FvpM0dfS6RmiUOBLEuCP061eV,59802647-16aa-4500-9b12-84c6716a4e04,Spindrift,1.0,3.5,3.5,3.78,,
FvpM0dfS6RmiUOBLEuCP061eV,ecd746da-ab4d-405f-adbc-0429d48a5ba9,Egg + Cheese,1.0,5.0,7.0,7.56,,
FvpM0dfS6RmiUOBLEuCP061eV,ecd746da-ab4d-405f-adbc-0429d48a5ba9,,,,,,Spinach,0.0
FvpM0dfS6RmiUOBLEuCP061eV,ecd746da-ab4d-405f-adbc-0429d48a5ba9,,,,,,Bacon,2.0
FvpM0dfS6RmiUOBLEuCP061eV,ecd746da-ab4d-405f-adbc-0429d48a5ba9,,,,,,Toasted,0.0
FvpM0dfS6RmiUOBLEuCP061eV,f40e79cc-51d9-40a0-97ec-599a3b7392fd,Lavender Latte,1.0,6.25,6.75,7.29,,
FvpM0dfS6RmiUOBLEuCP061eV,f40e79cc-51d9-40a0-97ec-599a3b7392fd,,,,,,Oat Milk,0.5
17fi0dAl1Re3hqTiyVEkfAkeV,d259cebb-2dca-4c13-83d0-5c20e2248d49,Knead Donut,1.0,4.5,4.5,4.86,,
nwPpB2cIoTBOAhPC9rQvyL9eV,b33c9c38-b7e9-47fa-a11c-952c9a2bae64,Knead Donut,1.0,4.5,4.5,4.86,,
juaI9lwp3uz68qEQQZFAy0c3mWYZY,aQxuZ6WxRM2i8f7dw6XpDD,Lox Special,1.0,11.0,12.25,13.11,,
juaI9lwp3uz68qEQQZFAy0c3mWYZY,aQxuZ6WxRM2i8f7dw6XpDD,,,,,,Everything Bagel,0.0
juaI9lwp3uz68qEQQZFAy0c3mWYZY,aQxuZ6WxRM2i8f7dw6XpDD,,,,,,Toasted,0.0
juaI9lwp3uz68qEQQZFAy0c3mWYZY,aQxuZ6WxRM2i8f7dw6XpDD,,,,,,Pickled Onion,1.25
PIeHYFKZBhun2lpFq3yF2xO8LdCZY,YcgaHALK1IrRWkJrlzPD5,Turkey Sandwich,1.0,12.0,12.0,12.84,,
PIeHYFKZBhun2lpFq3yF2xO8LdCZY,YcgaHALK1IrRWkJrlzPD5,,,,,,Ciabatta Bread,0.0
PIeHYFKZBhun2lpFq3yF2xO8LdCZY,YcgaHALK1IrRWkJrlzPD5,,,,,,Toasted,0.0
5L9hNSVhXe9zq8wF1lrvbrXPUkeZY,1kGB2kwNBnqnLQmZ9PSfZD,Turkey Sandwich,1.0,12.0,17.0,18.19,,
5L9hNSVhXe9zq8wF1lrvbrXPUkeZY,1kGB2kwNBnqnLQmZ9PSfZD,,,,,,Ciabatta Bread,0.0
5L9hNSVhXe9zq8wF1lrvbrXPUkeZY,1kGB2kwNBnqnLQmZ9PSfZD,,,,,,Not Toasted,0.0
5L9hNSVhXe9zq8wF1lrvbrXPUkeZY,1kGB2kwNBnqnLQmZ9PSfZD,,,,,,Bacon,5.0
BdkPWR9Jz5XNPtXavN7MSxH2dEMZY,8EYviKBbe3l1d5e16O324C,Hummus Sandwich,1.0,11.0,12.0,12.84,,
BdkPWR9Jz5XNPtXavN7MSxH2dEMZY,8EYviKBbe3l1d5e16O324C,,,,,,Multigrain sliced bread,0.0
BdkPWR9Jz5XNPtXavN7MSxH2dEMZY,8EYviKBbe3l1d5e16O324C,,,,,,Toasted,0.0
BdkPWR9Jz5XNPtXavN7MSxH2dEMZY,8EYviKBbe3l1d5e16O324C,,,,,,Sliced Cheddar,1.0
ni1lBAOxSM775THOrtQEyGA1DtUZY,zXlbeJin6Xh0IPn3rWdMCB,Hummus Sandwich,1.0,11.0,12.0,12.84,,
ni1lBAOxSM775THOrtQEyGA1DtUZY,zXlbeJin6Xh0IPn3rWdMCB,,,,,,Multigrain sliced bread,0.0
ni1lBAOxSM775THOrtQEyGA1DtUZY,zXlbeJin6Xh0IPn3rWdMCB,,,,,,Toasted,0.0
ni1lBAOxSM775THOrtQEyGA1DtUZY,zXlbeJin6Xh0IPn3rWdMCB,,,,,,Sliced Cheddar,1.0
pls6AxnHjlnYTVBIcLfEInPxPTJZY,HRuGpBW3lKGQJuAnh47QE,Chicken Salad Sandwich,1.0,12.0,13.0,13.91,,
pls6AxnHjlnYTVBIcLfEInPxPTJZY,HRuGpBW3lKGQJuAnh47QE,,,,,,Sesame Bagel,0.0
pls6AxnHjlnYTVBIcLfEInPxPTJZY,HRuGpBW3lKGQJuAnh47QE,,,,,,Not Toasted,0.0
pls6AxnHjlnYTVBIcLfEInPxPTJZY,HRuGpBW3lKGQJuAnh47QE,,,,,,Sliced Cheddar,1.0
JpfBwVjlsAVm8djbyX6hzC4eV,bae2c5a8-e2f7-4750-a5a1-1bd7aa62403c,Iced Mocha,1.0,5.75,6.25,6.75,,
JpfBwVjlsAVm8djbyX6hzC4eV,bae2c5a8-e2f7-4750-a5a1-1bd7aa62403c,,,,,,Oat Milk,0.5
BHaonOYtwN1QuPRt5MnGQsqeV,3b7cc31d-d94e-4456-83d2-0cdc0b018a1d,Iced Dirty Chai Latte,1.0,5.75,5.75,6.21,,
ZjoJklAnFp3YME51CBRj9b7eV,42c59571-49e1-45e4-bf56-ea9111390100,Bagels,1.0,2.2,4.0,4.32,,
ZjoJklAnFp3YME51CBRj9b7eV,42c59571-49e1-45e4-bf56-ea9111390100,,,,,,Ciabatta,0.0
ZjoJklAnFp3YME51CBRj9b7eV,42c59571-49e1-45e4-bf56-ea9111390100,,,,,,Not Toasted,0.0
ZjoJklAnFp3YME51CBRj9b7eV,42c59571-49e1-45e4-bf56-ea9111390100,,,,,,Peanut Butter,1.8
ZjoJklAnFp3YME51CBRj9b7eV,87efff80-545d-4bf9-bd73-6c1a7efd36fc,Coffee,1.0,2.75,2.75,2.97,,
tVUj7LfhaISGtrRNLx4yvfjeV,f51f04c8-7aa9-4c09-bf91-f9567efd9f4c,Chai Latte,1.0,5.25,6.25,6.75,,
tVUj7LfhaISGtrRNLx4yvfjeV,f51f04c8-7aa9-4c09-bf91-f9567efd9f4c,,,,,,Extra Shot,1.0
9NiUylTNPQX0L1Ayg4FW355eV,ddced21a-8ad5-42ef-aa28-d994b2b9b9ce,Mocha,1.0,6.25,8.75,9.45,,
9NiUylTNPQX0L1Ayg4FW355eV,ddced21a-8ad5-42ef-aa28-d994b2b9b9ce,,,,,,Extra Shot,1.0
9NiUylTNPQX0L1Ayg4FW355eV,ddced21a-8ad5-42ef-aa28-d994b2b9b9ce,,,,,,Flavored Syrup,1.0
9NiUylTNPQX0L1Ayg4FW355eV,ddced21a-8ad5-42ef-aa28-d994b2b9b9ce,,,,,,Soy Milk,0.5
9NiUylTNPQX0L1Ayg4FW355eV,3d58c43e-1684-49bd-8ad6-a27908a80cdd,Iced Buzzo Latte,1.0,7.25,8.25,8.91,,
9NiUylTNPQX0L1Ayg4FW355eV,3d58c43e-1684-49bd-8ad6-a27908a80cdd,,,,,,Flavored Syrup,1.0
djTP26muw0SGN6MYlNz66b5eV,a096c6b6-8ee0-4f0b-8702-17175a4a9462,Latte,1.0,5.25,5.25,5.67,,
djTP26muw0SGN6MYlNz66b5eV,66a1a864-d7e0-4017-8cfb-5da7364e8f08,Knead Donut,2.0,4.5,9.0,9.72,,
PMXzPHBa6Mn80mavoX9WudneV,540f392f-8e94-4025-b898-3433e731cc45,Egg + Cheese,1.0,5.0,8.25,8.7,,
PMXzPHBa6Mn80mavoX9WudneV,540f392f-8e94-4025-b898-3433e731cc45,,,,,,English Muffin,0.0
PMXzPHBa6Mn80mavoX9WudneV,540f392f-8e94-4025-b898-3433e731cc45,,,,,,Bacon,2.0
PMXzPHBa6Mn80mavoX9WudneV,540f392f-8e94-4025-b898-3433e731cc45,,,,,,Extra egg,1.25
PMXzPHBa6Mn80mavoX9WudneV,540f392f-8e94-4025-b898-3433e731cc45,,,,,,Toasted,0.0
PMXzPHBa6Mn80mavoX9WudneV,55ba81dc-889c-489b-a6d6-42cc06e49fc6,Coffee,1.0,2.75,2.75,2.91,,
tf30sdKJqZty0yZc1m8cwlAfV,9574172e-fa11-4643-94fa-1ddcc8182300,Coffee,1.0,2.75,2.75,2.97,,
TwAHxiPQWkw2U4sFFDxNZqveV,5dcbd5a3-94ca-4b5c-bb80-5bf0d81b6323,Egg + Cheese,1.0,5.0,5.0,5.4,,
TwAHxiPQWkw2U4sFFDxNZqveV,5dcbd5a3-94ca-4b5c-bb80-5bf0d81b6323,,,,,,English Muffin,0.0
TwAHxiPQWkw2U4sFFDxNZqveV,5dcbd5a3-94ca-4b5c-bb80-5bf0d81b6323,,,,,,Toasted,0.0
TwAHxiPQWkw2U4sFFDxNZqveV,fdbcde94-213e-446a-ae0a-68b53e35e2d4,Maple Latte,1.0,6.25,6.75,7.29,,
TwAHxiPQWkw2U4sFFDxNZqveV,fdbcde94-213e-446a-ae0a-68b53e35e2d4,,,,,,Oat Milk,0.5
z8EulTh9m9hvox3iIml71AqeV,0e25aa2c-77fc-4bd0-81be-f4fcd1d07bb2,Coffee,1.0,3.25,3.25,3.51,,
PGgPAODJmBVkxlMwXM9BkOweV,6d17984f-7b6a-44bf-be91-908237662605,Iced Coffee,1.0,4.0,4.0,4.32,,
tfNZ3ky53BWua5DzGmhWkEseV,aa40c7e2-242a-45c8-b988-297de48df793,Caramello,1.0,6.25,6.75,7.29,,
tfNZ3ky53BWua5DzGmhWkEseV,aa40c7e2-242a-45c8-b988-297de48df793,,,,,,Oat Milk,0.5
tfNZ3ky53BWua5DzGmhWkEseV,49d19c07-8615-4f43-aaf8-36ac7c27fa70,Egg + Cheese,1.0,5.0,7.0,7.56,,
tfNZ3ky53BWua5DzGmhWkEseV,49d19c07-8615-4f43-aaf8-36ac7c27fa70,,,,,,Spinach,0.0
tfNZ3ky53BWua5DzGmhWkEseV,49d19c07-8615-4f43-aaf8-36ac7c27fa70,,,,,,Egg+Vegan Cheese,0.0
tfNZ3ky53BWua5DzGmhWkEseV,49d19c07-8615-4f43-aaf8-36ac7c27fa70,,,,,,Vegan Sausage,2.0
tfNZ3ky53BWua5DzGmhWkEseV,49d19c07-8615-4f43-aaf8-36ac7c27fa70,,,,,,Toasted,0.0
PI3yQWqujOeCoybHERmmmZweV,b78ee9c4-0589-48aa-b638-de902c1cecd0,White Lightning,1.0,6.25,6.25,6.75,,
PI3yQWqujOeCoybHERmmmZweV,3bad6406-5c4b-427d-8765-d2c3e5c857fc,Bagel + Cream Cheese,1.0,4.0,4.0,4.32,,
PI3yQWqujOeCoybHERmmmZweV,3bad6406-5c4b-427d-8765-d2c3e5c857fc,,,,,,Everything,0.0
PI3yQWqujOeCoybHERmmmZweV,3bad6406-5c4b-427d-8765-d2c3e5c857fc,,,,,,Toasted,0.0
XGy1k7w1BZFYg8BLepIEi5ueV,3085bc47-b0f6-4f77-a483-40b425760dd3,Egg + Cheese,1.0,5.0,5.0,5.24,,
XGy1k7w1BZFYg8BLepIEi5ueV,3085bc47-b0f6-4f77-a483-40b425760dd3,,,,,,English Muffin,0.0
XGy1k7w1BZFYg8BLepIEi5ueV,3085bc47-b0f6-4f77-a483-40b425760dd3,,,,,,Toasted,0.0
XGy1k7w1BZFYg8BLepIEi5ueV,a7629821-596d-4625-9d0f-a1231010cea2,Coffee,1.0,3.25,3.25,3.4,,
BpnuF7MK2CmfXkit2d6Due5eV,f25f5768-a13d-4bc8-baca-a89a2587ee64,Winter Specials '23-24 HOT,1.0,6.75,7.25,7.83,,
BpnuF7MK2CmfXkit2d6Due5eV,f25f5768-a13d-4bc8-baca-a89a2587ee64,,,,,,Salted Caramel Praline,0.0
BpnuF7MK2CmfXkit2d6Due5eV,f25f5768-a13d-4bc8-baca-a89a2587ee64,,,,,,Soy Milk,0.5
BpnuF7MK2CmfXkit2d6Due5eV,be519aaf-74e3-42d4-9402-bd7aab8e4795,Iced Buzzo Latte,1.0,6.25,6.25,6.75,,
BpnuF7MK2CmfXkit2d6Due5eV,f032aee3-e88f-4a82-81d9-d1eafbc1684d,Bagel + Cream Cheese,1.0,4.0,4.0,4.32,,
BpnuF7MK2CmfXkit2d6Due5eV,f032aee3-e88f-4a82-81d9-d1eafbc1684d,,,,,,Everything,0.0
BpnuF7MK2CmfXkit2d6Due5eV,f032aee3-e88f-4a82-81d9-d1eafbc1684d,,,,,,Toasted,0.0
BpnuF7MK2CmfXkit2d6Due5eV,51b5f978-4ff6-4dcc-909e-425063fb3782,Bagel + Cream Cheese,1.0,4.0,4.0,4.32,,
BpnuF7MK2CmfXkit2d6Due5eV,51b5f978-4ff6-4dcc-909e-425063fb3782,,,,,,Asiago,0.0
BpnuF7MK2CmfXkit2d6Due5eV,51b5f978-4ff6-4dcc-909e-425063fb3782,,,,,,Toasted,0.0
BpnuF7MK2CmfXkit2d6Due5eV,949d2567-f78b-4084-a582-a5c3b71251b4,Coffee,1.0,3.25,3.25,3.51,,
DsQAKY6iJlXnWnH8clkRqm1eV,7e8631a2-c3f3-46f3-a87f-b093b7bb3db1,Tea,1.0,4.0,4.0,4.32,,
xpx1btlfUwbsEMYGCEy9i2heV,8b13fd30-a692-4bb9-9e17-9e51f34bd910,Egg + Cheese,1.0,5.0,7.0,7.56,,
xpx1btlfUwbsEMYGCEy9i2heV,8b13fd30-a692-4bb9-9e17-9e51f34bd910,,,,,,Asiago,0.0
xpx1btlfUwbsEMYGCEy9i2heV,8b13fd30-a692-4bb9-9e17-9e51f34bd910,,,,,,Vegan Sausage,2.0
xpx1btlfUwbsEMYGCEy9i2heV,8b13fd30-a692-4bb9-9e17-9e51f34bd910,,,,,,Toasted,0.0
xpx1btlfUwbsEMYGCEy9i2heV,16b3c8c1-f281-4278-b3c7-021d1a1a7281,Iced Maple Latte,1.0,6.25,6.75,7.29,,
xpx1btlfUwbsEMYGCEy9i2heV,16b3c8c1-f281-4278-b3c7-021d1a1a7281,,,,,,Oat Milk,0.5
PYRVLJyl0YPOTnN7w7v3mN7eV,77f695e7-6d2b-4ff4-88b2-6cdf8c36e44c,Chai Latte,1.0,4.75,4.75,5.13,,
PYRVLJyl0YPOTnN7w7v3mN7eV,a1f5d324-023f-4bfb-ac7c-a85a55ba74c0,Bagel + Butter/EB,1.0,3.5,3.5,3.78,,
PYRVLJyl0YPOTnN7w7v3mN7eV,a1f5d324-023f-4bfb-ac7c-a85a55ba74c0,,,,,,Everything,0.0
PYRVLJyl0YPOTnN7w7v3mN7eV,a1f5d324-023f-4bfb-ac7c-a85a55ba74c0,,,,,,Toasted,0.0
PYRVLJyl0YPOTnN7w7v3mN7eV,a1f5d324-023f-4bfb-ac7c-a85a55ba74c0,,,,,,Lite topping,0.0
TSRZuMNddo62i1H6RQ0rc5oeV,DA3D1BB8-D3F1-46C3-8D24-429A9B0231C2,Hummus + Tomato,1.0,6.0,6.0,6.48,,
TSRZuMNddo62i1H6RQ0rc5oeV,DA3D1BB8-D3F1-46C3-8D24-429A9B0231C2,,,,,,Toasted,0.0
TSRZuMNddo62i1H6RQ0rc5oeV,DA3D1BB8-D3F1-46C3-8D24-429A9B0231C2,,,,,,Everything,0.0
TSRZuMNddo62i1H6RQ0rc5oeV,37EB820C-830D-4242-967C-8386B5C96A53,Hummus + Tomato,2.0,6.0,16.0,17.28,,
TSRZuMNddo62i1H6RQ0rc5oeV,37EB820C-830D-4242-967C-8386B5C96A53,,,,,,Greens,1.5
TSRZuMNddo62i1H6RQ0rc5oeV,37EB820C-830D-4242-967C-8386B5C96A53,,,,,,Pickled Onion,2.5
TSRZuMNddo62i1H6RQ0rc5oeV,37EB820C-830D-4242-967C-8386B5C96A53,,,,,,Ciabatta,0.0
TSRZuMNddo62i1H6RQ0rc5oeV,37EB820C-830D-4242-967C-8386B5C96A53,,,,,,Toasted,0.0
fwdjL4zJw4mirMyia9vVMh7eV,db2849b1-1e71-42b5-b60b-966e6112180f,Egg + Cheese,1.0,5.0,5.0,5.4,,
fwdjL4zJw4mirMyia9vVMh7eV,db2849b1-1e71-42b5-b60b-966e6112180f,,,,,,Multigrain Bread,0.0
fwdjL4zJw4mirMyia9vVMh7eV,db2849b1-1e71-42b5-b60b-966e6112180f,,,,,,Toasted,0.0
fwdjL4zJw4mirMyia9vVMh7eV,11f3746b-b481-4148-b3f3-5c7f2798c015,Tea,1.0,4.0,4.0,4.32,,
jCb0KWboM8Te2974DYDgOWAfV,412ce0a0-3f95-410a-9412-edc9cec183fc,Cortado,1.0,4.5,4.5,4.86,,
jCtZOFTHlCj5Cjf6OFUCyl8eV,ee5312d0-8e27-4d11-a300-d1ca91a3ccc9,Iced Chai Latte,1.0,5.0,6.5,7.02,,
jCtZOFTHlCj5Cjf6OFUCyl8eV,ee5312d0-8e27-4d11-a300-d1ca91a3ccc9,,,,,,Flavored Syrup,1.0
jCtZOFTHlCj5Cjf6OFUCyl8eV,ee5312d0-8e27-4d11-a300-d1ca91a3ccc9,,,,,,Oat Milk,0.5
jCtZOFTHlCj5Cjf6OFUCyl8eV,dee442ba-0351-4e02-b43e-bca0382779f4,Egg + Cheese,1.0,5.0,7.0,7.56,,
jCtZOFTHlCj5Cjf6OFUCyl8eV,dee442ba-0351-4e02-b43e-bca0382779f4,,,,,,Croissant,0.0
jCtZOFTHlCj5Cjf6OFUCyl8eV,dee442ba-0351-4e02-b43e-bca0382779f4,,,,,,Vegan Sausage,2.0
jCtZOFTHlCj5Cjf6OFUCyl8eV,dee442ba-0351-4e02-b43e-bca0382779f4,,,,,,Toasted,0.0
ZFLYv5yuumBZXysYtkhA0fweV,48287279-397a-4cd4-be1e-3e55c829553e,Winter Specials '23-24 HOT,1.0,6.75,6.75,7.29,,
ZFLYv5yuumBZXysYtkhA0fweV,48287279-397a-4cd4-be1e-3e55c829553e,,,,,,Seasonal HC \ mocha,0.0
ZFLYv5yuumBZXysYtkhA0fweV,e7bd2801-3d7d-4945-ad13-5c49cabd2790,Special Turkey Sandwich,1.0,14.0,14.0,15.12,,
ZFLYv5yuumBZXysYtkhA0fweV,e7bd2801-3d7d-4945-ad13-5c49cabd2790,,,,,,Asiago,0.0
ZFLYv5yuumBZXysYtkhA0fweV,e7bd2801-3d7d-4945-ad13-5c49cabd2790,,,,,,Toasted,0.0
ZFLYv5yuumBZXysYtkhA0fweV,ad88b23a-06cb-40e4-9295-d4d54f7e1d4d,Knead Donut,1.0,4.5,4.5,4.86,,
5HCZAFK24QzcNsi86pCreueeV,31209a9c-9501-4a94-85ad-dfddc7c0bfc3,Iced Caramello,1.0,6.25,6.25,6.75,,
5HCZAFK24QzcNsi86pCreueeV,66871065-829f-45da-9c01-7ed3e3ff8428,Bagel + Cream Cheese,1.0,4.0,4.0,4.32,,
5HCZAFK24QzcNsi86pCreueeV,66871065-829f-45da-9c01-7ed3e3ff8428,,,,,,Onion,0.0
5HCZAFK24QzcNsi86pCreueeV,66871065-829f-45da-9c01-7ed3e3ff8428,,,,,,Toasted,0.0
X4BypV4goxMP4pItmqfNWCfeV,859762de-a5fc-40d5-96a0-4873c848771f,Coffee Milk,1.0,3.7,5.2,5.61,,
X4BypV4goxMP4pItmqfNWCfeV,859762de-a5fc-40d5-96a0-4873c848771f,,,,,,Cold Foam,1.5
X4BypV4goxMP4pItmqfNWCfeV,e591061e-fea3-4a91-83cf-1544e8e83157,CC + Avo,1.0,7.0,12.0,12.96,,
X4BypV4goxMP4pItmqfNWCfeV,e591061e-fea3-4a91-83cf-1544e8e83157,,,,,,Asiago,0.0
X4BypV4goxMP4pItmqfNWCfeV,e591061e-fea3-4a91-83cf-1544e8e83157,,,,,,Toasted,0.0
X4BypV4goxMP4pItmqfNWCfeV,e591061e-fea3-4a91-83cf-1544e8e83157,,,,,,Turkey,5.0
P6UIC8LflvrfF0SYYuJnTu8eV,70a2b923-5725-4488-9ad3-a82a772899fb,CC + Avo,1.0,7.0,7.0,7.56,,
P6UIC8LflvrfF0SYYuJnTu8eV,70a2b923-5725-4488-9ad3-a82a772899fb,,,,,,Plain,0.0
P6UIC8LflvrfF0SYYuJnTu8eV,70a2b923-5725-4488-9ad3-a82a772899fb,,,,,,Toasted,0.0
P6UIC8LflvrfF0SYYuJnTu8eV,d1522142-a0e1-4630-a3c9-66bdfbac136d,Coffee Milk,1.0,3.7,3.7,4.0,,
fy4msbfaTfAp18alvJbBCNxeV,e117679b-44b5-4dc5-b497-6ade6c283ceb,Bagel + Butter/EB,1.0,3.5,3.5,3.78,,
fy4msbfaTfAp18alvJbBCNxeV,e117679b-44b5-4dc5-b497-6ade6c283ceb,,,,,,Cinnamon Raisin,0.0
fy4msbfaTfAp18alvJbBCNxeV,e117679b-44b5-4dc5-b497-6ade6c283ceb,,,,,,Toasted,0.0
fy4msbfaTfAp18alvJbBCNxeV,e117679b-44b5-4dc5-b497-6ade6c283ceb,,,,,,On the side,0.0
fy4msbfaTfAp18alvJbBCNxeV,bf9ac860-48ee-49f1-9e87-04a90d594dec,Coffee,2.0,3.25,6.5,7.02,,
fy4msbfaTfAp18alvJbBCNxeV,182b9665-9c12-4169-a37c-cc2fabd104e8,Bagel + Butter/EB,1.0,3.5,3.5,3.78,,
fy4msbfaTfAp18alvJbBCNxeV,182b9665-9c12-4169-a37c-cc2fabd104e8,,,,,,Plain,0.0
fy4msbfaTfAp18alvJbBCNxeV,182b9665-9c12-4169-a37c-cc2fabd104e8,,,,,,Toasted,0.0
LcKoX3Z9F11iMwopEXv5YuveV,ed78eb5c-bf49-42c8-a80b-18c02de168ed,Coffee,1.0,2.75,2.75,2.97,,
jiBVnz54t4Z4fR5GcExinw7eV,076cfbb2-7a8f-4f56-8c5c-ee73e511a139,Iced Lavender Latte,1.0,7.25,8.75,9.45,,
jiBVnz54t4Z4fR5GcExinw7eV,076cfbb2-7a8f-4f56-8c5c-ee73e511a139,,,,,,Extra Shot,1.0
jiBVnz54t4Z4fR5GcExinw7eV,076cfbb2-7a8f-4f56-8c5c-ee73e511a139,,,,,,Oat Milk,0.5
PUXzQzpVBeY1Mh4zq4hz7WgeV,1128027e-2451-40c9-8cfe-a19156d1b5c3,Egg + Cheese,1.0,5.0,7.0,7.56,,
PUXzQzpVBeY1Mh4zq4hz7WgeV,1128027e-2451-40c9-8cfe-a19156d1b5c3,,,,,,Everything,0.0
PUXzQzpVBeY1Mh4zq4hz7WgeV,1128027e-2451-40c9-8cfe-a19156d1b5c3,,,,,,Toasted,0.0
PUXzQzpVBeY1Mh4zq4hz7WgeV,1128027e-2451-40c9-8cfe-a19156d1b5c3,,,,,,Tomato,2.0
PUXzQzpVBeY1Mh4zq4hz7WgeV,d1be5534-39ed-43cb-a3b6-30a7d849f2d1,Cafe au Lait,1.0,3.5,3.5,3.78,,
L6tEwhYHYPnu6MwETYhQiszeV,12453a0f-49dc-40c3-a731-09df005db18b,Cappuccino,1.0,5.25,5.25,5.67,,
JV7k0hWdDXj9LjW0LLSm7rleV,d2dff014-a37a-4d99-b69f-d92a863a3f3f,Bagel + Chive CC,1.0,5.0,5.0,5.4,,
JV7k0hWdDXj9LjW0LLSm7rleV,d2dff014-a37a-4d99-b69f-d92a863a3f3f,,,,,,Garlic,0.0
JV7k0hWdDXj9LjW0LLSm7rleV,d2dff014-a37a-4d99-b69f-d92a863a3f3f,,,,,,Toasted,0.0
JV7k0hWdDXj9LjW0LLSm7rleV,6bf6c674-cccf-4b06-954e-0e90efdb8571,Coffee,1.0,3.75,3.75,4.05,,
xl5G1ztOBC5MR7SYvQuIX5yeV,59d2fd10-eff2-4858-bbcc-4bb312b442a2,Coffee,1.0,2.75,2.75,2.97,,
tHt3dxwjknMDI5yo2qv8oD8eV,2a5d9f36-5169-44ae-ac95-63989d52705a,Iced Americano,1.0,5.25,5.25,5.67,,
tHt3dxwjknMDI5yo2qv8oD8eV,9f9c3076-1d96-4a3e-95a4-4511ed724e12,Egg + Cheese,1.0,5.0,7.0,7.56,,
tHt3dxwjknMDI5yo2qv8oD8eV,9f9c3076-1d96-4a3e-95a4-4511ed724e12,,,,,,Sesame,0.0
tHt3dxwjknMDI5yo2qv8oD8eV,9f9c3076-1d96-4a3e-95a4-4511ed724e12,,,,,,Vegan Sausage,2.0
tHt3dxwjknMDI5yo2qv8oD8eV,9f9c3076-1d96-4a3e-95a4-4511ed724e12,,,,,,Toasted,0.0
pf6xwkyE0GmUNj6UN9gsOO8eV,3e370356-42ce-47e7-91e0-dbe024c42618,CC + Avo,1.0,7.0,7.0,7.56,,
pf6xwkyE0GmUNj6UN9gsOO8eV,3e370356-42ce-47e7-91e0-dbe024c42618,,,,,,Sesame,0.0
pf6xwkyE0GmUNj6UN9gsOO8eV,3e370356-42ce-47e7-91e0-dbe024c42618,,,,,,Toasted,0.0
pf6xwkyE0GmUNj6UN9gsOO8eV,9513d1e3-109d-4d1f-bc28-bdf0b9a89352,Iced Coffee,1.0,4.75,5.75,6.21,,
pf6xwkyE0GmUNj6UN9gsOO8eV,9513d1e3-109d-4d1f-bc28-bdf0b9a89352,,,,,,Flavored Syrup,1.0
tXnsbp0ZYbHGO9vuMYXpjmyeV,12dcd4cb-ab93-438d-b6f9-dab07bd8ef2d,Lemonade,1.0,3.5,3.5,3.78,,
tXnsbp0ZYbHGO9vuMYXpjmyeV,c6f15ac4-1cab-40d4-93bc-c61ddba34d4a,Iced Latte,1.0,5.25,6.75,7.29,,
tXnsbp0ZYbHGO9vuMYXpjmyeV,c6f15ac4-1cab-40d4-93bc-c61ddba34d4a,,,,,,Flavored Syrup,1.0
tXnsbp0ZYbHGO9vuMYXpjmyeV,c6f15ac4-1cab-40d4-93bc-c61ddba34d4a,,,,,,Oat Milk,0.5
tXnsbp0ZYbHGO9vuMYXpjmyeV,2a631846-6da3-49d8-9baf-15840a725a5e,Chicken Salad Sandwich,1.0,12.0,12.0,12.96,,
tXnsbp0ZYbHGO9vuMYXpjmyeV,2a631846-6da3-49d8-9baf-15840a725a5e,,,,,,Ciabatta,0.0
tXnsbp0ZYbHGO9vuMYXpjmyeV,2a631846-6da3-49d8-9baf-15840a725a5e,,,,,,Toasted,0.0
BrCb768yCcV6y1SpOUBdPd8eV,d1fcf623-5b51-49ee-9d55-fdb1b4d4c964,Iced Latte,1.0,6.0,7.0,7.56,,
BrCb768yCcV6y1SpOUBdPd8eV,d1fcf623-5b51-49ee-9d55-fdb1b4d4c964,,,,,,Flavored Syrup,1.0
BrCb768yCcV6y1SpOUBdPd8eV,766101da-65f1-49f7-ba75-3942a5e5a7b0,Iced Honey Cinnamon Latte,1.0,6.25,6.75,7.29,,
BrCb768yCcV6y1SpOUBdPd8eV,766101da-65f1-49f7-ba75-3942a5e5a7b0,,,,,,Oat Milk,0.5
Hkrcy9ss7u5evtb0Ph2DzDleV,4857701b-3c49-418b-8165-299e32c89710,Candy Bar,2.0,2.25,4.5,4.86,,
Hkrcy9ss7u5evtb0Ph2DzDleV,d87cc59e-1bb1-4937-aaea-648b2b8a44fe,Winter Specials '23-24 HOT,1.0,6.75,8.25,8.91,,
Hkrcy9ss7u5evtb0Ph2DzDleV,d87cc59e-1bb1-4937-aaea-648b2b8a44fe,,,,,,Juniper Latte,0.0
Hkrcy9ss7u5evtb0Ph2DzDleV,d87cc59e-1bb1-4937-aaea-648b2b8a44fe,,,,,,Gingerbread Latte,0.0
Hkrcy9ss7u5evtb0Ph2DzDleV,d87cc59e-1bb1-4937-aaea-648b2b8a44fe,,,,,,Extra Shot,1.0
Hkrcy9ss7u5evtb0Ph2DzDleV,d87cc59e-1bb1-4937-aaea-648b2b8a44fe,,,,,,Oat Milk,0.5
V1AksCD8s6ldR59B8kDoQofeV,95b4b923-fa61-4013-af61-7f165600b128,Egg + Cheese,1.0,5.0,7.0,7.56,,
V1AksCD8s6ldR59B8kDoQofeV,95b4b923-fa61-4013-af61-7f165600b128,,,,,,Everything,0.0
V1AksCD8s6ldR59B8kDoQofeV,95b4b923-fa61-4013-af61-7f165600b128,,,,,,Bacon,2.0
V1AksCD8s6ldR59B8kDoQofeV,95b4b923-fa61-4013-af61-7f165600b128,,,,,,Toasted,0.0
V1AksCD8s6ldR59B8kDoQofeV,9d3aeadc-8019-483b-bde7-b267d5e0ad89,Iced Coffee,1.0,4.75,6.0,6.48,,
V1AksCD8s6ldR59B8kDoQofeV,9d3aeadc-8019-483b-bde7-b267d5e0ad89,,,,,,House syrup,1.25
1pAfoHrRLEoAfJQuDLIT4DieV,a11f39f8-f552-469c-a642-367340e061b7,Coffee,1.0,3.75,3.75,4.05,,
jiJdZFsJqhsn7EbjMEiYZ44eV,0eef5764-a010-49ff-9010-c101dca06cb6,Latte,1.0,4.75,5.75,6.21,,
jiJdZFsJqhsn7EbjMEiYZ44eV,0eef5764-a010-49ff-9010-c101dca06cb6,,,,,,Flavored Syrup,1.0
jiJdZFsJqhsn7EbjMEiYZ44eV,bad00d85-d3ac-4c16-a554-6ada58c0ea8c,CC + Avo,1.0,7.0,7.0,7.56,,
jiJdZFsJqhsn7EbjMEiYZ44eV,bad00d85-d3ac-4c16-a554-6ada58c0ea8c,,,,,,Asiago,0.0
jiJdZFsJqhsn7EbjMEiYZ44eV,bad00d85-d3ac-4c16-a554-6ada58c0ea8c,,,,,,Toasted,0.0
jiJdZFsJqhsn7EbjMEiYZ44eV,8fed8dc3-4795-40ac-8ad1-7f41bd93740e,Bagel + Cream Cheese,1.0,4.0,4.0,4.32,,
jiJdZFsJqhsn7EbjMEiYZ44eV,8fed8dc3-4795-40ac-8ad1-7f41bd93740e,,,,,,Asiago,0.0
jiJdZFsJqhsn7EbjMEiYZ44eV,8fed8dc3-4795-40ac-8ad1-7f41bd93740e,,,,,,Toasted,0.0
jiJdZFsJqhsn7EbjMEiYZ44eV,7f9d7d24-3c55-44e0-9bf7-42d2ef525585,Caramello,1.0,5.5,6.0,6.48,,
jiJdZFsJqhsn7EbjMEiYZ44eV,7f9d7d24-3c55-44e0-9bf7-42d2ef525585,,,,,,Oat Milk,0.5
RLgIdCMRSKNmOjubP4oCtpmeV,2009f42d-2eea-4d70-9a35-2dfaeca43c0b,White Lightning,1.0,6.25,8.25,8.91,,
RLgIdCMRSKNmOjubP4oCtpmeV,2009f42d-2eea-4d70-9a35-2dfaeca43c0b,,,,,,Extra Shot,1.0
RLgIdCMRSKNmOjubP4oCtpmeV,2009f42d-2eea-4d70-9a35-2dfaeca43c0b,,,,,,Extra Shot,1.0
RLgIdCMRSKNmOjubP4oCtpmeV,4e77a8bd-3923-4855-af52-11c455d32816,Avocado BLT Sandwich,1.0,13.0,13.0,14.04,,
RLgIdCMRSKNmOjubP4oCtpmeV,4e77a8bd-3923-4855-af52-11c455d32816,,,,,,Ciabatta,0.0
RLgIdCMRSKNmOjubP4oCtpmeV,4e77a8bd-3923-4855-af52-11c455d32816,,,,,,Toasted,0.0
b6flv5LYtIWZXA2QE3GI0nweV,bf872a29-98e4-4c5b-be86-f2394e4ca343,Iced Lavender Latte,1.0,7.25,7.75,8.37,,
b6flv5LYtIWZXA2QE3GI0nweV,bf872a29-98e4-4c5b-be86-f2394e4ca343,,,,,,Oat Milk,0.5
b6flv5LYtIWZXA2QE3GI0nweV,327b02a5-f546-41a1-ae6d-d1cb2ebc8154,Knead Donut,1.0,4.5,4.5,4.86,,
vYqFlQJkZPbjDVQEAb4e4x9aGFgZY,Vk9gXe2SDsZnK70HyoMYWB,Turkey Sandwich,1.0,12.0,12.0,12.84,,
vYqFlQJkZPbjDVQEAb4e4x9aGFgZY,Vk9gXe2SDsZnK70HyoMYWB,,,,,,Ciabatta Bread,0.0
vYqFlQJkZPbjDVQEAb4e4x9aGFgZY,Vk9gXe2SDsZnK70HyoMYWB,,,,,,Toasted,0.0
3SUjKxzsjoMrg3In0Gtv8tmeV,2AADADE8-8E68-4E7C-A038-599E639A72E1,Avocado Garden Sandwich,1.0,12.0,12.0,12.96,,
3SUjKxzsjoMrg3In0Gtv8tmeV,2AADADE8-8E68-4E7C-A038-599E639A72E1,,,,,,Ciabatta,0.0
3SUjKxzsjoMrg3In0Gtv8tmeV,2AADADE8-8E68-4E7C-A038-599E639A72E1,,,,,,Toasted,0.0
3SUjKxzsjoMrg3In0Gtv8tmeV,faec2279-88f9-4135-832a-2a020c35ee6a,Iced Coffee,1.0,4.0,5.0,5.4,,
3SUjKxzsjoMrg3In0Gtv8tmeV,faec2279-88f9-4135-832a-2a020c35ee6a,,,,,,Extra Shot,1.0
3SUjKxzsjoMrg3In0Gtv8tmeV,5c075703-3d6b-46e1-a035-65d19082e4b2,Knead Donut,1.0,4.5,4.5,4.86,,
vGEtUO1iqQ4blKSQsYnMm9ueV,28a6a62a-d806-4c46-b30d-76985308e5be,Ham&Chz,1.0,5.5,5.5,5.94,,
vGEtUO1iqQ4blKSQsYnMm9ueV,01ebc708-d6ab-4819-9d7c-8391dab70863,Iced White Lightning,1.0,7.25,7.75,8.37,,
vGEtUO1iqQ4blKSQsYnMm9ueV,01ebc708-d6ab-4819-9d7c-8391dab70863,,,,,,Almond Milk,0.5
72Gbwy5rgdGwd2eFX2wg3MjooE6YY,WX9CdIUnHzgqkYYAxThAZ,Turkey Sandwich,1.0,12.0,12.0,12.84,,
72Gbwy5rgdGwd2eFX2wg3MjooE6YY,WX9CdIUnHzgqkYYAxThAZ,,,,,,Ciabatta Bread,0.0
72Gbwy5rgdGwd2eFX2wg3MjooE6YY,WX9CdIUnHzgqkYYAxThAZ,,,,,,Toasted,0.0
LwufwDQWFV59WPuyAVJGXAqeV,ea357197-e1f5-44a9-8b1c-a604eff952d7,Coffee,1.0,2.75,2.75,2.97,,
p5jvm7mdy3ZdjuS4HXgy6FAfV,c5440afe-94b7-436a-be90-8dc1abb0f00d,Tea,1.0,3.5,3.5,3.78,,
p5jvm7mdy3ZdjuS4HXgy6FAfV,ab28c934-eb0a-401a-838d-90370629a6a8,Turkey Sandwich,1.0,12.0,12.0,12.96,,
p5jvm7mdy3ZdjuS4HXgy6FAfV,ab28c934-eb0a-401a-838d-90370629a6a8,,,,,,Ciabatta,0.0
p5jvm7mdy3ZdjuS4HXgy6FAfV,ab28c934-eb0a-401a-838d-90370629a6a8,,,,,,Toasted,0.0
nMbuavp8ir4BbTGfKzXdLcyeV,dcf8a6ef-4eee-40e9-a128-55480ab8fa86,Hummus + Tomato,1.0,6.0,6.0,6.48,,
nMbuavp8ir4BbTGfKzXdLcyeV,dcf8a6ef-4eee-40e9-a128-55480ab8fa86,,,,,,Spinach,0.0
nMbuavp8ir4BbTGfKzXdLcyeV,dcf8a6ef-4eee-40e9-a128-55480ab8fa86,,,,,,Toasted,0.0
nMbuavp8ir4BbTGfKzXdLcyeV,25b879f9-6a5b-4d67-8d33-4545c0a582fb,Popover,1.0,4.75,4.75,5.13,,
PUFcjcrFHWtPT4nrdnWmppoeV,a3e01298-cb3e-424e-8f24-65b1422352b6,Iced Coffee,1.0,4.0,4.0,4.05,,
PMXjzxJFG10oKckRVv2NpDjeV,a3a6b1d8-d2ea-426e-9dfd-c7c2e7265e69,Cookie,1.0,3.5,3.5,3.78,,
F1IkTOBHTVXNQ69xA5DlTk3eV,84db7c4d-821b-401a-ada7-b77117b4eb4a,Popover,1.0,4.75,4.75,5.13,,
vyuv40WsSYYw8ZOekCzt5EweV,e6f40591-902c-4c47-b294-033205d1fd7c,Choc Croissant,1.0,4.0,4.0,4.32,,
j8kOoM3JkFCFgcJHiS5lrP7eV,cbcbe3d8-b012-4c50-b40d-6bae604215e9,Iced Coffee,1.0,4.0,4.0,4.32,,
j8kOoM3JkFCFgcJHiS5lrP7eV,36789de9-0b6d-4c4d-9cee-ed5c4cc17560,Bagel + Cream Cheese,1.0,4.0,4.0,4.32,,
j8kOoM3JkFCFgcJHiS5lrP7eV,36789de9-0b6d-4c4d-9cee-ed5c4cc17560,,,,,,Spinach,0.0
j8kOoM3JkFCFgcJHiS5lrP7eV,36789de9-0b6d-4c4d-9cee-ed5c4cc17560,,,,,,Toasted,0.0
Dq9romUrWcG8UJsqPBgb5k3eV,7719d748-5c5a-4cc6-892d-d5d69e6a39fc,Iced Dirty Chai Latte,1.0,6.75,7.25,7.83,,
Dq9romUrWcG8UJsqPBgb5k3eV,7719d748-5c5a-4cc6-892d-d5d69e6a39fc,,,,,,Oat Milk,0.5
dVMRZVlI1QMldICsvPA7cbseV,5f11b3a7-bce8-4688-9119-835908f117cb,Bagel + Chive CC,1.0,5.0,11.5,12.42,,
dVMRZVlI1QMldICsvPA7cbseV,5f11b3a7-bce8-4688-9119-835908f117cb,,,,,,Everything,0.0
dVMRZVlI1QMldICsvPA7cbseV,5f11b3a7-bce8-4688-9119-835908f117cb,,,,,,Toasted,0.0
dVMRZVlI1QMldICsvPA7cbseV,5f11b3a7-bce8-4688-9119-835908f117cb,,,,,,Red Onion,0.5
dVMRZVlI1QMldICsvPA7cbseV,5f11b3a7-bce8-4688-9119-835908f117cb,,,,,,Lox,6.0
dVMRZVlI1QMldICsvPA7cbseV,03a6a14f-55ac-4e93-a517-a9d47d7c8198,Iced Matcha,1.0,5.5,7.0,7.56,,
dVMRZVlI1QMldICsvPA7cbseV,03a6a14f-55ac-4e93-a517-a9d47d7c8198,,,,,,Extra Shot,1.0
dVMRZVlI1QMldICsvPA7cbseV,03a6a14f-55ac-4e93-a517-a9d47d7c8198,,,,,,Oat Milk,0.5
ve2u5z277J3t6LqpzpqRIlkeV,c65ba6b3-b1bc-4a23-9440-548f82203182,Ham&Chz,1.0,5.5,5.5,5.94,,
BRNb3FpDa6XnRy6fKhEjh5neV,A4DD9686-22F3-4CC2-8E2C-FCA9398C7F16,Avo Toast,1.0,10.0,10.0,10.8,,
BRNb3FpDa6XnRy6fKhEjh5neV,31982183-37B6-4D1D-8E36-37CF2C68540B,Turkey Sandwich,1.0,12.0,12.0,12.96,,
BRNb3FpDa6XnRy6fKhEjh5neV,31982183-37B6-4D1D-8E36-37CF2C68540B,,,,,,Ciabatta,0.0
BRNb3FpDa6XnRy6fKhEjh5neV,31982183-37B6-4D1D-8E36-37CF2C68540B,,,,,,Not Toasted,0.0
BRNb3FpDa6XnRy6fKhEjh5neV,d1366e9d-80e5-4921-b838-4640c4644a32,"Iced Tea (Black, Red Berry, or Green Mint)",1.0,4.5,4.5,4.86,,
BRNb3FpDa6XnRy6fKhEjh5neV,1be4b2f2-4552-4d65-bca7-e363818887ff,Electric Lady,1.0,5.5,5.5,5.94,,
hLKLtHobZERzScK1QVDc1greV,B3CDA4F2-8CFE-4D9A-A9DD-EE68BCFE1437,Avocado BLT Sandwich,1.0,13.0,13.0,14.04,,
hLKLtHobZERzScK1QVDc1greV,B3CDA4F2-8CFE-4D9A-A9DD-EE68BCFE1437,,,,,,Multigrain Bread,0.0
hLKLtHobZERzScK1QVDc1greV,B3CDA4F2-8CFE-4D9A-A9DD-EE68BCFE1437,,,,,,Toasted,0.0
hLKLtHobZERzScK1QVDc1greV,5a71848e-b529-423e-932c-12cdc0676019,Espresso,1.0,2.75,2.75,2.97,,
hLKLtHobZERzScK1QVDc1greV,0fdd2d76-a06b-4385-9061-b1381e23cc13,White Lightning,1.0,7.25,7.25,7.83,,
PeQlQP0lEzk8UYiLrFHdjrueV,5b9d37af-f6fc-4262-b282-e8c45a98a7b4,Iced Matcha,1.0,6.5,7.0,7.56,,
PeQlQP0lEzk8UYiLrFHdjrueV,5b9d37af-f6fc-4262-b282-e8c45a98a7b4,,,,,,Oat Milk,0.5
PeQlQP0lEzk8UYiLrFHdjrueV,1a711025-e9ad-402b-8233-5bb2da7714fe,Bagel + Cream Cheese,1.0,4.0,4.0,4.32,,
PeQlQP0lEzk8UYiLrFHdjrueV,1a711025-e9ad-402b-8233-5bb2da7714fe,,,,,,Cinnamon Raisin,0.0
PeQlQP0lEzk8UYiLrFHdjrueV,1a711025-e9ad-402b-8233-5bb2da7714fe,,,,,,Toasted,0.0
ZpUJ2B9V2A08kdg6ZdOD9WriQlAZY,W2VXLZTeqnkpmjaScZeVWB,Hummus Sandwich,1.0,11.0,12.0,12.84,,
ZpUJ2B9V2A08kdg6ZdOD9WriQlAZY,W2VXLZTeqnkpmjaScZeVWB,,,,,,Multigrain sliced bread,0.0
ZpUJ2B9V2A08kdg6ZdOD9WriQlAZY,W2VXLZTeqnkpmjaScZeVWB,,,,,,Toasted,0.0
ZpUJ2B9V2A08kdg6ZdOD9WriQlAZY,W2VXLZTeqnkpmjaScZeVWB,,,,,,Sliced Cheddar,1.0
FntoasMk6FasgofXuU5t5YqeV,4bedb0ca-dba9-403b-8aa5-39388a5e52c2,Bagel + Butter/EB,1.0,3.5,3.5,3.79,,
FntoasMk6FasgofXuU5t5YqeV,4bedb0ca-dba9-403b-8aa5-39388a5e52c2,,,,,,Asiago,0.0
FntoasMk6FasgofXuU5t5YqeV,4bedb0ca-dba9-403b-8aa5-39388a5e52c2,,,,,,Toasted,0.0
FntoasMk6FasgofXuU5t5YqeV,eb619290-57da-4cca-8426-642707075fdf,Iced Matcha,1.0,5.5,6.0,6.48,,
FntoasMk6FasgofXuU5t5YqeV,eb619290-57da-4cca-8426-642707075fdf,,,,,,Oat Milk,0.5
FntoasMk6FasgofXuU5t5YqeV,5b86f278-8702-405e-9ae1-51b2065831da,WE Sticker,1.0,3.0,3.0,3.21,,
XOoMFcExalfyBApxSwGW4eueV,3dae62fa-204b-4486-8cc2-e34afd989ca5,Tea,1.0,4.0,4.0,4.32,,
dFSOozV7Ye7vWGSFbgjrqgxeV,ccdfe5b8-2e2e-454b-911a-0156f821d32d,CC + Avo,1.0,7.0,7.0,7.56,,
dFSOozV7Ye7vWGSFbgjrqgxeV,ccdfe5b8-2e2e-454b-911a-0156f821d32d,,,,,,Garlic,0.0
dFSOozV7Ye7vWGSFbgjrqgxeV,ccdfe5b8-2e2e-454b-911a-0156f821d32d,,,,,,Toasted,0.0
dFSOozV7Ye7vWGSFbgjrqgxeV,c0ff8ab6-a9be-4aed-9e10-0738e703d062,Tea,1.0,4.0,4.0,4.32,,
dFSOozV7Ye7vWGSFbgjrqgxeV,240752eb-8235-4749-bbc3-7509bcd05f2e,Muffin,1.0,4.0,4.0,4.32,,
BjOVYMitsFxrnc6QqqRYIa9eV,AE2BFDA2-6A5B-42B9-90E8-F99D17AFF01F,Veggie Sandwich,1.0,11.0,15.0,16.2,,
BjOVYMitsFxrnc6QqqRYIa9eV,AE2BFDA2-6A5B-42B9-90E8-F99D17AFF01F,,,,,,Multigrain Bread,0.0
BjOVYMitsFxrnc6QqqRYIa9eV,AE2BFDA2-6A5B-42B9-90E8-F99D17AFF01F,,,,,,Not Toasted,0.0
BjOVYMitsFxrnc6QqqRYIa9eV,AE2BFDA2-6A5B-42B9-90E8-F99D17AFF01F,,,,,,Tofurky,4.0
BjOVYMitsFxrnc6QqqRYIa9eV,5507af6b-89ef-4c4d-a414-ad10abd836ad,Knead Donut,1.0,4.5,4.5,4.86,,
BjOVYMitsFxrnc6QqqRYIa9eV,2b4c1305-c726-4607-a502-855b81d9d26c,"Iced Tea (Black, Red Berry, or Green Mint)",1.0,3.5,3.5,3.78,,
LQeZJZWnJEDc0CyznYOLRKweV,74cb8f3b-605a-4dc9-9b00-26d6df4f9759,Winter Specials '23-24 HOT,1.0,6.75,6.75,7.29,,
LQeZJZWnJEDc0CyznYOLRKweV,74cb8f3b-605a-4dc9-9b00-26d6df4f9759,,,,,,Salted Caramel Praline,0.0
LQeZJZWnJEDc0CyznYOLRKweV,faea7174-a14f-4891-bc99-c5e318eb253e,Chai Latte,1.0,4.75,5.25,5.67,,
LQeZJZWnJEDc0CyznYOLRKweV,faea7174-a14f-4891-bc99-c5e318eb253e,,,,,,Oat Milk,0.5
LQeZJZWnJEDc0CyznYOLRKweV,3820aa31-bddc-4ce3-8a56-2c129dcbb69f,Cinnamon Bun,1.0,5.5,5.5,5.94,,
fofuBHSTBJKKl84Wlltz7YgeV,bc3b3a7b-1c5f-4322-aa75-8f72273e40b9,Iced Coffee,1.0,4.75,4.75,5.13,,
Rv6wRfe7Dbe5x1f2C93QjhweV,d96dc0a7-9cd4-4862-b691-252239d941ee,Chai Latte,1.0,4.25,4.75,5.13,,
Rv6wRfe7Dbe5x1f2C93QjhweV,d96dc0a7-9cd4-4862-b691-252239d941ee,,,,,,Oat Milk,0.5
Rv6wRfe7Dbe5x1f2C93QjhweV,cdb4031f-b4ae-4e16-9f60-0e365b615cd7,Latte,1.0,4.75,5.25,5.67,,
Rv6wRfe7Dbe5x1f2C93QjhweV,cdb4031f-b4ae-4e16-9f60-0e365b615cd7,,,,,,Soy Milk,0.5
9x0oOq1hzhGSfvTJWkT0ee0eV,6FB8BDD1-01E5-4CF1-B6AA-654881C5DC40,Sriracharella Sandwich,1.0,12.0,12.0,12.96,,
9x0oOq1hzhGSfvTJWkT0ee0eV,6FB8BDD1-01E5-4CF1-B6AA-654881C5DC40,,,,,,Ciabatta,0.0
9x0oOq1hzhGSfvTJWkT0ee0eV,6FB8BDD1-01E5-4CF1-B6AA-654881C5DC40,,,,,,Toasted,0.0
5n46jdnSFDqbGgAhIgD8eFseV,39cbaa19-aee1-4a7f-aeec-29675a7d9887,Iced Americano,1.0,4.5,5.5,5.94,,
5n46jdnSFDqbGgAhIgD8eFseV,39cbaa19-aee1-4a7f-aeec-29675a7d9887,,,,,,Flavored Syrup,1.0
5n46jdnSFDqbGgAhIgD8eFseV,f40dea61-0192-4673-9396-fc9e7fad9ffd,Muffin,1.0,4.0,4.0,4.32,,
RRdniCbYjVkSATiZ32KqE28eV,75E5FD2C-6F61-44FD-9FDF-2AC8533DAA1D,Sriracharella Sandwich,1.0,12.0,14.25,15.39,,
RRdniCbYjVkSATiZ32KqE28eV,75E5FD2C-6F61-44FD-9FDF-2AC8533DAA1D,,,,,,Spin Wrap (Not Toastable),0.0
RRdniCbYjVkSATiZ32KqE28eV,75E5FD2C-6F61-44FD-9FDF-2AC8533DAA1D,,,,,,Toasted,0.0
RRdniCbYjVkSATiZ32KqE28eV,75E5FD2C-6F61-44FD-9FDF-2AC8533DAA1D,,,,,,Sriracha-Ranch Dressing,1.0
RRdniCbYjVkSATiZ32KqE28eV,75E5FD2C-6F61-44FD-9FDF-2AC8533DAA1D,,,,,,Sprouts,1.25
RRdniCbYjVkSATiZ32KqE28eV,87599db2-64bf-472b-9676-7e7db2403167,Spindrift,1.0,3.5,3.5,3.78,,
7SVSr6t2uLYwNF0Zah2wl1peV,c7567cc0-ebec-4e53-b4ea-b4335e9cdb27,Iced Buzzo Latte,1.0,7.25,7.75,8.37,,
7SVSr6t2uLYwNF0Zah2wl1peV,c7567cc0-ebec-4e53-b4ea-b4335e9cdb27,,,,,,Oat Milk,0.5
7SVSr6t2uLYwNF0Zah2wl1peV,5dad6ef4-db90-4c96-b00d-b058f3ee7591,Turkey Sandwich,1.0,12.0,16.0,17.28,,
7SVSr6t2uLYwNF0Zah2wl1peV,5dad6ef4-db90-4c96-b00d-b058f3ee7591,,,,,,Multigrain Bread,0.0
7SVSr6t2uLYwNF0Zah2wl1peV,5dad6ef4-db90-4c96-b00d-b058f3ee7591,,,,,,Toasted,0.0
7SVSr6t2uLYwNF0Zah2wl1peV,5dad6ef4-db90-4c96-b00d-b058f3ee7591,,,,,,Mozzarella,4.0
7SVSr6t2uLYwNF0Zah2wl1peV,b04c2089-e219-4ff5-926a-b7a9d6486391,WE Sticker,1.0,3.0,3.0,3.21,,
FnXjD19FOrt4qDbbb3nxZ5zeV,260268d1-a1d1-4c21-9198-57770f9d76b1,Matcha Latte,1.0,5.0,5.5,5.94,,
FnXjD19FOrt4qDbbb3nxZ5zeV,260268d1-a1d1-4c21-9198-57770f9d76b1,,,,,,Oat Milk,0.5
rccBPYhFjiM2tOvU8z7vfcyeV,7d4c37b5-af12-4cf7-bd99-78c64d15e9fb,Knead Donut,1.0,4.5,4.5,4.86,,
rccBPYhFjiM2tOvU8z7vfcyeV,1b87b05b-43a8-45c8-bd83-76efe03610cb,Iced White Lightning,1.0,7.25,7.25,7.83,,
JlF79mRf4HeI4w600Es9F8neV,d4e1de1b-569d-494a-a58f-4e333d8956f0,Latte,1.0,5.25,5.25,5.67,,
1xQXLwZZIANgHiDYCKkPjyweV,458a7bb6-812d-456f-a08a-13a56d8e9604,Coke,1.0,2.5,2.5,2.7,,
1xQXLwZZIANgHiDYCKkPjyweV,c195db12-a6e5-487d-85bf-b2e1294a831c,Winter Specials '23-24 HOT,1.0,6.0,6.0,6.48,,
1xQXLwZZIANgHiDYCKkPjyweV,c195db12-a6e5-487d-85bf-b2e1294a831c,,,,,,Other season special,0.0
J3QaMGtiqjUlbN0GRxpmfireV,1ac4f72c-562c-4edf-8bee-f608e03afd66,Special Turkey Sandwich,1.0,14.0,14.0,15.12,,
J3QaMGtiqjUlbN0GRxpmfireV,1ac4f72c-562c-4edf-8bee-f608e03afd66,,,,,,Multigrain Bread,0.0
J3QaMGtiqjUlbN0GRxpmfireV,1ac4f72c-562c-4edf-8bee-f608e03afd66,,,,,,Toasted,0.0
vKaDERcyhLzwMrpMKMvVmUoeV,fdbf68dc-257b-4abf-b320-0e6549d6e7af,Turkey Sandwich,1.0,12.0,12.0,12.96,,
vKaDERcyhLzwMrpMKMvVmUoeV,fdbf68dc-257b-4abf-b320-0e6549d6e7af,,,,,,Multigrain Bread,0.0
vKaDERcyhLzwMrpMKMvVmUoeV,fdbf68dc-257b-4abf-b320-0e6549d6e7af,,,,,,Toasted,0.0
vKaDERcyhLzwMrpMKMvVmUoeV,631599ac-b70b-4f87-8cb4-3d6d0d871627,Iced Lavender Latte,1.0,6.25,6.75,7.29,,
vKaDERcyhLzwMrpMKMvVmUoeV,631599ac-b70b-4f87-8cb4-3d6d0d871627,,,,,,Almond Milk,0.5
vKaDERcyhLzwMrpMKMvVmUoeV,4c47ae3a-18df-4b9d-b1bc-9b01f0b731cf,Knead Donut,1.0,4.5,4.5,4.86,,
D8EeEryGhSKwym8XeJvli07eV,0717f1f4-2c9f-4131-a7cd-cea5420b5eb1,Bagel + Chive CC,1.0,5.0,7.0,7.56,,
D8EeEryGhSKwym8XeJvli07eV,0717f1f4-2c9f-4131-a7cd-cea5420b5eb1,,,,,,Spinach,0.0
D8EeEryGhSKwym8XeJvli07eV,0717f1f4-2c9f-4131-a7cd-cea5420b5eb1,,,,,,Toasted,0.0
D8EeEryGhSKwym8XeJvli07eV,0717f1f4-2c9f-4131-a7cd-cea5420b5eb1,,,,,,Tomato,2.0
FZWWBITzlCTXkZoBklaCaHueV,f26d7477-f2dc-43e5-823b-4f213347193b,Iced Coffee,1.0,4.75,4.75,5.13,,
RFl85uXBrCaRVszuEKReYO1eV,7e7a8d48-5216-42a5-af0d-b0772ac796cf,Coffee,1.0,3.25,3.25,3.51,,
HclL6DNpqrrtWPKu7YM4z7seV,b73f1320-7374-4932-b7c4-1625eb1afc04,Hibiscus Sprtz,1.0,4.0,4.0,4.32,,
7Wlp9xKa7sbEfP0TD3dobf7eV,f9e18491-32dd-4a37-b810-6f724342bdde,Special Turkey Sandwich,1.0,14.0,14.0,15.12,,
7Wlp9xKa7sbEfP0TD3dobf7eV,f9e18491-32dd-4a37-b810-6f724342bdde,,,,,,Ciabatta,0.0
7Wlp9xKa7sbEfP0TD3dobf7eV,f9e18491-32dd-4a37-b810-6f724342bdde,,,,,,Not Toasted,0.0
7Wlp9xKa7sbEfP0TD3dobf7eV,18e9fa44-d021-40b0-b052-c454267acfd6,Coffee,1.0,2.75,2.75,2.97,,
DcQGnq23hMsHncD9PlVDyG0eV,CC1D54D9-00FE-4EB6-89FD-F4E4CE521F1B,Egg + Cheese,2.0,5.0,12.0,12.96,,
DcQGnq23hMsHncD9PlVDyG0eV,CC1D54D9-00FE-4EB6-89FD-F4E4CE521F1B,,,,,,Toasted,0.0
DcQGnq23hMsHncD9PlVDyG0eV,CC1D54D9-00FE-4EB6-89FD-F4E4CE521F1B,,,,,,Vegan Egg+Vegan Cheese,2.0
DcQGnq23hMsHncD9PlVDyG0eV,CC1D54D9-00FE-4EB6-89FD-F4E4CE521F1B,,,,,,English Muffin,0.0
DcQGnq23hMsHncD9PlVDyG0eV,21cccbe6-576f-46c9-b263-e5badde5edf3,Winter Specials '23-24 HOT,1.0,6.0,6.5,7.02,,
DcQGnq23hMsHncD9PlVDyG0eV,21cccbe6-576f-46c9-b263-e5badde5edf3,,,,,,Gingerbread Latte,0.0
DcQGnq23hMsHncD9PlVDyG0eV,21cccbe6-576f-46c9-b263-e5badde5edf3,,,,,,Oat Milk,0.5
ddE9A4FRTaKjrlYDJpHKXbmeV,dc50e7dd-963b-4b29-891b-b114572a9177,Buzzo Latte,1.0,5.5,6.0,6.48,,
ddE9A4FRTaKjrlYDJpHKXbmeV,dc50e7dd-963b-4b29-891b-b114572a9177,,,,,,Oat Milk,0.5
hDAA7q1PoCajcNTjtW3ady1eV,1dd97bd1-be3f-4ef3-9a24-381ed981d462,Turkey Sandwich,1.0,12.0,13.25,14.31,,
hDAA7q1PoCajcNTjtW3ady1eV,1dd97bd1-be3f-4ef3-9a24-381ed981d462,,,,,,Spin Wrap (Not Toastable),0.0
hDAA7q1PoCajcNTjtW3ady1eV,1dd97bd1-be3f-4ef3-9a24-381ed981d462,,,,,,Toasted,0.0
hDAA7q1PoCajcNTjtW3ady1eV,1dd97bd1-be3f-4ef3-9a24-381ed981d462,,,,,,Pickled Onion,1.25
hDAA7q1PoCajcNTjtW3ady1eV,4c0124a1-0072-43fc-a8f9-4d10cd4f7c4c,Iced Chai Latte,1.0,5.75,6.25,6.75,,
hDAA7q1PoCajcNTjtW3ady1eV,4c0124a1-0072-43fc-a8f9-4d10cd4f7c4c,,,,,,Almond Milk,0.5
J72AgtQV68pYcDQMR4xzcCxeV,cbe45d2b-6fe8-4d90-8dda-de4a156caa1b,Latte,1.0,5.25,6.25,6.75,,
J72AgtQV68pYcDQMR4xzcCxeV,cbe45d2b-6fe8-4d90-8dda-de4a156caa1b,,,,,,Flavored Syrup,1.0
ToUt8Fxil92J8tBosgOT1WmeV,00922eba-2db8-4d1f-91ff-7e57279a56d8,Iced Americano,1.0,4.5,4.5,4.86,,
ToUt8Fxil92J8tBosgOT1WmeV,618b68a6-16f5-4e79-b4cb-a067f105aaca,Muffin,1.0,4.0,4.0,4.32,,
X8PymjpnQ2GXG5c7WI6y1BheV,53a69ae3-6aa2-45ed-afaa-7a8543562c46,Iced Chai Latte,1.0,5.0,5.5,5.94,,
X8PymjpnQ2GXG5c7WI6y1BheV,53a69ae3-6aa2-45ed-afaa-7a8543562c46,,,,,,Oat Milk,0.5
X8PymjpnQ2GXG5c7WI6y1BheV,7f49e470-a5d6-4eb8-a9ea-c860e8db804e,Turkey Sandwich,1.0,12.0,12.0,12.96,,
X8PymjpnQ2GXG5c7WI6y1BheV,7f49e470-a5d6-4eb8-a9ea-c860e8db804e,,,,,,Multigrain Bread,0.0
X8PymjpnQ2GXG5c7WI6y1BheV,7f49e470-a5d6-4eb8-a9ea-c860e8db804e,,,,,,Toasted,0.0
DQPSTZQbKpOnxjdKwHvpfNRF485YY,MthlEf9u2pGFWmjvvNn41D,Avocado Garden Sandwich,1.0,12.0,21.05,22.52,,
DQPSTZQbKpOnxjdKwHvpfNRF485YY,MthlEf9u2pGFWmjvvNn41D,,,,,,Multigrain sliced bread,0.0
DQPSTZQbKpOnxjdKwHvpfNRF485YY,MthlEf9u2pGFWmjvvNn41D,,,,,,Toasted,0.0
DQPSTZQbKpOnxjdKwHvpfNRF485YY,MthlEf9u2pGFWmjvvNn41D,,,,,,Mozzarella,4.0
DQPSTZQbKpOnxjdKwHvpfNRF485YY,MthlEf9u2pGFWmjvvNn41D,,,,,,Avocado,3.25
DQPSTZQbKpOnxjdKwHvpfNRF485YY,MthlEf9u2pGFWmjvvNn41D,,,,,,Hummus,1.8
DQPSTZQbKpOnxjdKwHvpfNRF485YY,MthlEf9u2pGFWmjvvNn41D,,,,,,Allergy/Dietary restrictions?: Please place hummus on the side.,0.0
BNlq4niPi4anWW80uADnUPleV,a0810a0d-f5c3-430e-831d-67c7dcc26c8d,Iced Maple Latte,1.0,7.25,7.75,8.37,,
BNlq4niPi4anWW80uADnUPleV,a0810a0d-f5c3-430e-831d-67c7dcc26c8d,,,,,,Almond Milk,0.5
dZmfkoEQmax2POwmzuhy2H6eV,5ba884c3-6b1a-4f6e-8187-39890eb8d9be,Iced Chai Latte,1.0,5.0,5.5,5.94,,
dZmfkoEQmax2POwmzuhy2H6eV,5ba884c3-6b1a-4f6e-8187-39890eb8d9be,,,,,,Oat Milk,0.5
zyjaQmBZEPR2YRALJ8HbARveV,83c61b07-4714-435b-933e-f534a4c49bc8,Pesto Sandwich,1.0,11.0,11.0,11.88,,
zyjaQmBZEPR2YRALJ8HbARveV,83c61b07-4714-435b-933e-f534a4c49bc8,,,,,,Asiago,0.0
zyjaQmBZEPR2YRALJ8HbARveV,83c61b07-4714-435b-933e-f534a4c49bc8,,,,,,Toasted,0.0
zyjaQmBZEPR2YRALJ8HbARveV,ca8a974f-2ab5-4214-85b3-5957a8447123,Coffee,1.0,2.75,2.75,2.97,,
VZmQv1aMowo7C01HRJCoMipeV,a18ce131-b40d-4423-95fd-1353395ef389,Iced Coffee,1.0,4.75,4.75,5.13,,
X8ZrYVK4sXNpz4nE4xeKOS4eV,3304afd0-2988-4675-963e-d457f828c667,White Lightning,1.0,5.5,5.5,5.94,,
9N60kzoFfL7OjHHvz73VZM8eV,8c49cb9f-4624-4c81-ac77-b00c7c4acc3b,Winter Specials '23-24 ICED,1.0,6.75,7.25,7.83,,
9N60kzoFfL7OjHHvz73VZM8eV,8c49cb9f-4624-4c81-ac77-b00c7c4acc3b,,,,,,Salted Caramel Praline,0.0
9N60kzoFfL7OjHHvz73VZM8eV,8c49cb9f-4624-4c81-ac77-b00c7c4acc3b,,,,,,Oat Milk,0.5
9N60kzoFfL7OjHHvz73VZM8eV,c18e2988-0ad8-4f63-8548-964d5d4ecfd5,Iced Caramello,1.0,7.25,7.75,8.37,,
9N60kzoFfL7OjHHvz73VZM8eV,c18e2988-0ad8-4f63-8548-964d5d4ecfd5,,,,,,Oat Milk,0.5
jsIAyqxUM5hIgWrqtpwRyh9eV,58147514-6c6e-44d7-845a-ccc3962c52c5,Chai Latte,1.0,4.25,4.75,5.13,,
jsIAyqxUM5hIgWrqtpwRyh9eV,58147514-6c6e-44d7-845a-ccc3962c52c5,,,,,,Oat Milk,0.5
jsIAyqxUM5hIgWrqtpwRyh9eV,ecc60906-1933-4c13-a24e-5ddf4c5cc375,Knead Donut,1.0,4.5,4.5,4.86,,
vqQ0hG32sYH3K5DY7RqhnJleV,1a0390c0-04b2-41fe-bd51-ca99d7c3bec5,Coffee,1.0,3.25,3.25,3.51,,
fiEefnU37D70SpoHNwS52B6eV,4be2d485-43e0-4364-8950-d47d9c72ec02,Matcha Latte,1.0,5.0,5.5,5.94,,
fiEefnU37D70SpoHNwS52B6eV,4be2d485-43e0-4364-8950-d47d9c72ec02,,,,,,Oat Milk,0.5
xnQVTJ13FV4bYe4s2hNjJQjeV,f893d56f-78e3-4624-bc26-4840983a9e40,Bagel + Butter/EB,1.0,3.5,3.5,3.78,,
xnQVTJ13FV4bYe4s2hNjJQjeV,f893d56f-78e3-4624-bc26-4840983a9e40,,,,,,Spinach,0.0
xnQVTJ13FV4bYe4s2hNjJQjeV,f893d56f-78e3-4624-bc26-4840983a9e40,,,,,,Toasted,0.0
xnQVTJ13FV4bYe4s2hNjJQjeV,fc4bfe74-ad9c-4c2c-9475-cc72d3107e38,Iced Coffee,1.0,4.0,4.0,4.32,,
xnQVTJ13FV4bYe4s2hNjJQjeV,42208ef1-728d-4d69-bb20-b22c6e912f19,Coffee,1.0,2.75,2.75,2.97,,
xnQVTJ13FV4bYe4s2hNjJQjeV,83cfa528-3495-4f96-86d4-92b5893f5dfb,Bagels,1.0,2.2,7.25,7.83,,
xnQVTJ13FV4bYe4s2hNjJQjeV,83cfa528-3495-4f96-86d4-92b5893f5dfb,,,,,,Everything,0.0
xnQVTJ13FV4bYe4s2hNjJQjeV,83cfa528-3495-4f96-86d4-92b5893f5dfb,,,,,,Toasted,0.0
xnQVTJ13FV4bYe4s2hNjJQjeV,83cfa528-3495-4f96-86d4-92b5893f5dfb,,,,,,Avocado,3.25
xnQVTJ13FV4bYe4s2hNjJQjeV,83cfa528-3495-4f96-86d4-92b5893f5dfb,,,,,,Hummus,1.8
9blScEgOZbF35VNlWnsGiB6eV,17558314-f229-4fef-8df7-48e6401fc146,Iced Coffee,1.0,4.75,4.75,5.13,,
9blScEgOZbF35VNlWnsGiB6eV,a20f815d-f776-4bdf-bb8a-1f613dba666f,Iced Caramello,1.0,6.25,6.75,7.29,,
9blScEgOZbF35VNlWnsGiB6eV,a20f815d-f776-4bdf-bb8a-1f613dba666f,,,,,,Soy Milk,0.5
9blScEgOZbF35VNlWnsGiB6eV,5e0b0067-ee13-427f-a1b2-2419635cf233,Pesto Sandwich,1.0,11.0,16.0,17.28,,
9blScEgOZbF35VNlWnsGiB6eV,5e0b0067-ee13-427f-a1b2-2419635cf233,,,,,,Ciabatta,0.0
9blScEgOZbF35VNlWnsGiB6eV,5e0b0067-ee13-427f-a1b2-2419635cf233,,,,,,Toasted,0.0
9blScEgOZbF35VNlWnsGiB6eV,5e0b0067-ee13-427f-a1b2-2419635cf233,,,,,,Turkey,5.0
5vGHjzTUEo8aXmiFS6VYbcteV,7a0cacdb-5679-45cb-807b-c61b350a00e2,Iced Coffee,1.0,4.0,4.0,4.32,,
TEsOO9eIRuBSb1gFgCfqUg0eV,f33d5ba4-6d06-4faa-a2bc-52ea086dd9d1,Coke,1.0,2.5,2.5,2.7,,
xfJ3vUGo1v7DsmOVd6XtzPLqMnFZY,gYYcYtlrpLqlvS9tWATszC,Ham Sandwich,1.0,11.0,11.0,11.77,,
xfJ3vUGo1v7DsmOVd6XtzPLqMnFZY,gYYcYtlrpLqlvS9tWATszC,,,,,,Wheat Wrap (Not Toastable),0.0
xfJ3vUGo1v7DsmOVd6XtzPLqMnFZY,gYYcYtlrpLqlvS9tWATszC,,,,,,Not Toasted,0.0
xfJ3vUGo1v7DsmOVd6XtzPLqMnFZY,gYYcYtlrpLqlvS9tWATszC,,,,,,Remove an ingredient? (ie: no tomato): NO tomato no mayo no mustard please!**,0.0
xfJ3vUGo1v7DsmOVd6XtzPLqMnFZY,24NRv8FJQZzRiHFDPfORJD,White Electric Salad,1.0,13.0,13.0,13.91,,
xfJ3vUGo1v7DsmOVd6XtzPLqMnFZY,24NRv8FJQZzRiHFDPfORJD,,,,,,No Dressing,0.0
xfJ3vUGo1v7DsmOVd6XtzPLqMnFZY,24NRv8FJQZzRiHFDPfORJD,,,,,,Remove an ingredient? (ie: no tomato): Honey mustard dressing please ,0.0
vcj5JIlTOr3ytEHHCq4B079eV,841952E0-3B0B-462A-9A3B-FF08DD23BB02,Special Pesto Sandwich,1.0,15.0,15.0,16.2,,
vcj5JIlTOr3ytEHHCq4B079eV,841952E0-3B0B-462A-9A3B-FF08DD23BB02,,,,,,Everything,0.0
vcj5JIlTOr3ytEHHCq4B079eV,841952E0-3B0B-462A-9A3B-FF08DD23BB02,,,,,,Toasted,0.0
vcj5JIlTOr3ytEHHCq4B079eV,44122AF3-4DA5-44EF-A732-EF5448B7FAF1,CC + Lox + Red Onion,1.0,11.0,11.0,11.88,,
vcj5JIlTOr3ytEHHCq4B079eV,44122AF3-4DA5-44EF-A732-EF5448B7FAF1,,,,,,Everything,0.0
vcj5JIlTOr3ytEHHCq4B079eV,44122AF3-4DA5-44EF-A732-EF5448B7FAF1,,,,,,Toasted,0.0
XApKIlprvsQ7B3QkcdrOkiweV,be2c25ad-9666-43a2-9b78-f9700d4f37ff,Chai Latte,1.0,4.25,4.75,5.13,,
XApKIlprvsQ7B3QkcdrOkiweV,be2c25ad-9666-43a2-9b78-f9700d4f37ff,,,,,,Oat Milk,0.5
XApKIlprvsQ7B3QkcdrOkiweV,4e235e1d-7efe-49d2-8f8a-c76135b39d3f,Lavender Latte,1.0,6.25,6.75,7.29,,
XApKIlprvsQ7B3QkcdrOkiweV,4e235e1d-7efe-49d2-8f8a-c76135b39d3f,,,,,,Oat Milk,0.5
XApKIlprvsQ7B3QkcdrOkiweV,76af7d77-f237-4579-bb19-cb1059a8e5a0,Knead Donut,1.0,4.5,4.5,4.86,,
LkI1TPYDjMwx0W2JzgslIi1eV,72363e2c-3d74-44ca-8579-8f28f7ad621a,Bagel + Cream Cheese,1.0,4.0,6.0,6.48,,
LkI1TPYDjMwx0W2JzgslIi1eV,72363e2c-3d74-44ca-8579-8f28f7ad621a,,,,,,Everything,0.0
LkI1TPYDjMwx0W2JzgslIi1eV,72363e2c-3d74-44ca-8579-8f28f7ad621a,,,,,,Toasted,0.0
LkI1TPYDjMwx0W2JzgslIi1eV,72363e2c-3d74-44ca-8579-8f28f7ad621a,,,,,,Tomato,2.0
tHjMw6FElZ6nAM4OrkoTta1eV,ebb4afd4-15fd-4fab-a2e5-c7b9dca71675,Ham Sandwich,1.0,11.0,11.0,11.88,,
tHjMw6FElZ6nAM4OrkoTta1eV,ebb4afd4-15fd-4fab-a2e5-c7b9dca71675,,,,,,Multigrain Bread,0.0
tHjMw6FElZ6nAM4OrkoTta1eV,ebb4afd4-15fd-4fab-a2e5-c7b9dca71675,,,,,,Not Toasted,0.0
z6Dqr7B7J9ijlDklYTZGbS5eV,4a281ad5-7e55-41d8-9374-031b4c74a620,Turkey Sandwich,1.0,12.0,12.0,12.96,,
z6Dqr7B7J9ijlDklYTZGbS5eV,4a281ad5-7e55-41d8-9374-031b4c74a620,,,,,,Ciabatta,0.0
z6Dqr7B7J9ijlDklYTZGbS5eV,4a281ad5-7e55-41d8-9374-031b4c74a620,,,,,,Toasted,0.0
z6Dqr7B7J9ijlDklYTZGbS5eV,9a2cca49-7863-4943-8ece-55361e789597,Coke,1.0,2.5,2.5,2.7,,
TunJOrsqQeoJz8CQ8ANith3eV,6b008ef9-c224-4b62-b555-114cc5bf2e6a,Bagel + Cream Cheese,1.0,4.0,4.0,4.32,,
TunJOrsqQeoJz8CQ8ANith3eV,6b008ef9-c224-4b62-b555-114cc5bf2e6a,,,,,,Everything,0.0
TunJOrsqQeoJz8CQ8ANith3eV,6b008ef9-c224-4b62-b555-114cc5bf2e6a,,,,,,Toasted,0.0
TunJOrsqQeoJz8CQ8ANith3eV,f0c0a007-272b-4399-b811-7379731d1202,Bagels,1.0,2.2,13.25,14.31,,
TunJOrsqQeoJz8CQ8ANith3eV,f0c0a007-272b-4399-b811-7379731d1202,,,,,,Ciabatta,0.0
TunJOrsqQeoJz8CQ8ANith3eV,f0c0a007-272b-4399-b811-7379731d1202,,,,,,Toasted,0.0
TunJOrsqQeoJz8CQ8ANith3eV,f0c0a007-272b-4399-b811-7379731d1202,,,,,,Avocado,3.25
TunJOrsqQeoJz8CQ8ANith3eV,f0c0a007-272b-4399-b811-7379731d1202,,,,,,Lox,6.0
TunJOrsqQeoJz8CQ8ANith3eV,f0c0a007-272b-4399-b811-7379731d1202,,,,,,Cream Cheese,1.8
TunJOrsqQeoJz8CQ8ANith3eV,dd49f4a7-48ab-45ab-81a1-a0b5959c4dcc,Chai Latte,1.0,4.25,5.25,5.67,,
TunJOrsqQeoJz8CQ8ANith3eV,dd49f4a7-48ab-45ab-81a1-a0b5959c4dcc,,,,,,Extra Shot,1.0
NJKL6fjdgpr4WU9f2tFROrmeV,b8cac525-ed8e-4435-bc93-a1160f96ca93,Coffee,1.0,3.25,3.25,3.51,,
NJKL6fjdgpr4WU9f2tFROrmeV,b94c091a-36d1-41cc-9ee0-75fefdf185f0,Almond Croissant,1.0,4.0,4.0,4.32,,
VvV4qhsrqPsTjtxT0IVAKw1eV,d12288df-45a4-42d7-b5de-ba5b8e6b1758,Avocado BLT Sandwich,1.0,13.0,13.0,14.04,,
VvV4qhsrqPsTjtxT0IVAKw1eV,d12288df-45a4-42d7-b5de-ba5b8e6b1758,,,,,,Ciabatta,0.0
VvV4qhsrqPsTjtxT0IVAKw1eV,d12288df-45a4-42d7-b5de-ba5b8e6b1758,,,,,,Toasted,0.0
VvV4qhsrqPsTjtxT0IVAKw1eV,4b21b689-3aaa-4185-9d4a-716e204bf6de,Coke,1.0,2.5,2.5,2.7,,
bkQ1y63m6B1pZNkYFuD7LU9eV,c3a26de9-0cbf-4d22-a239-e8cbee2c1104,Espresso,1.0,2.75,2.75,2.97,,
d1P0Im7s6mezFbtFGyd1Cmb4jteZY,UmHBtN7FcE31ZAJcp0kHoC,Sriracharella Sandwich,1.0,12.0,12.0,12.84,,
d1P0Im7s6mezFbtFGyd1Cmb4jteZY,UmHBtN7FcE31ZAJcp0kHoC,,,,,,Ciabatta Bread,0.0
d1P0Im7s6mezFbtFGyd1Cmb4jteZY,UmHBtN7FcE31ZAJcp0kHoC,,,,,,Toasted,0.0
d1P0Im7s6mezFbtFGyd1Cmb4jteZY,UmHBtN7FcE31ZAJcp0kHoC,,,,,,"Remove an ingredient? (ie: no tomato): no red onions, please!",0.0
7AKvCmpJsplm6L0To7C79g5eV,881e049e-4b94-49d6-b8fb-8e4d8b4857cd,Bagel + Butter/EB,1.0,3.5,6.75,7.29,,
7AKvCmpJsplm6L0To7C79g5eV,881e049e-4b94-49d6-b8fb-8e4d8b4857cd,,,,,,Everything,0.0
7AKvCmpJsplm6L0To7C79g5eV,881e049e-4b94-49d6-b8fb-8e4d8b4857cd,,,,,,Toasted,0.0
7AKvCmpJsplm6L0To7C79g5eV,881e049e-4b94-49d6-b8fb-8e4d8b4857cd,,,,,,Avocado,3.25
7AKvCmpJsplm6L0To7C79g5eV,881e049e-4b94-49d6-b8fb-8e4d8b4857cd,,,,,,Salt & pepper,0.0
7AKvCmpJsplm6L0To7C79g5eV,6c33a2d7-7b94-4592-b3d4-c22be2fb3c8f,Bagels,1.0,2.2,6.5,7.02,,
7AKvCmpJsplm6L0To7C79g5eV,6c33a2d7-7b94-4592-b3d4-c22be2fb3c8f,,,,,,Multigrain Bread,0.0
7AKvCmpJsplm6L0To7C79g5eV,6c33a2d7-7b94-4592-b3d4-c22be2fb3c8f,,,,,,Toasted,0.0
7AKvCmpJsplm6L0To7C79g5eV,6c33a2d7-7b94-4592-b3d4-c22be2fb3c8f,,,,,,Cucumber,1.25
7AKvCmpJsplm6L0To7C79g5eV,6c33a2d7-7b94-4592-b3d4-c22be2fb3c8f,,,,,,Sprouts,1.25
7AKvCmpJsplm6L0To7C79g5eV,6c33a2d7-7b94-4592-b3d4-c22be2fb3c8f,,,,,,Hummus,1.8
7AKvCmpJsplm6L0To7C79g5eV,8ad845a0-0d59-465b-a0a0-8d2b5896a444,Iced Latte,1.0,6.0,6.5,7.02,,
7AKvCmpJsplm6L0To7C79g5eV,8ad845a0-0d59-465b-a0a0-8d2b5896a444,,,,,,Almond Milk,0.5
7AKvCmpJsplm6L0To7C79g5eV,cb51a776-5dc2-4657-842d-695db4366a73,Iced Americano,1.0,5.25,5.25,5.67,,
rKtgo0rIxON5ugpJ5LsGocjeV,44517465-4b99-4f0c-b21b-df7457bea1bf,Bagels,1.0,2.2,2.2,2.38,,
rKtgo0rIxON5ugpJ5LsGocjeV,44517465-4b99-4f0c-b21b-df7457bea1bf,,,,,,Multigrain Bread,0.0
rKtgo0rIxON5ugpJ5LsGocjeV,44517465-4b99-4f0c-b21b-df7457bea1bf,,,,,,Toasted,0.0
rKtgo0rIxON5ugpJ5LsGocjeV,44517465-4b99-4f0c-b21b-df7457bea1bf,,,,,,No dressing \ dry,0.0
rKtgo0rIxON5ugpJ5LsGocjeV,152dc617-00e2-428a-a34a-80c00b9205be,Coffee,1.0,2.75,2.75,2.97,,
x9dYMDAcbPPJ6A8PpNaHEYmeV,e8c65791-6bc5-4957-9945-abe5ad7ac2d3,Latte,1.0,5.25,6.75,7.29,,
x9dYMDAcbPPJ6A8PpNaHEYmeV,e8c65791-6bc5-4957-9945-abe5ad7ac2d3,,,,,,Flavored Syrup,1.0
x9dYMDAcbPPJ6A8PpNaHEYmeV,e8c65791-6bc5-4957-9945-abe5ad7ac2d3,,,,,,Oat Milk,0.5
x9dYMDAcbPPJ6A8PpNaHEYmeV,8c8e1c4f-457f-4be9-a3d6-f20ad288a11d,Croissant,1.0,3.5,3.5,3.78,,
vM5qUj499UxC7FZNJI3KkZieV,f4970bb0-a1ac-4a30-9027-ce0086fdc50f,Avo Garden Salad,1.0,13.0,13.0,14.04,,
vM5qUj499UxC7FZNJI3KkZieV,f4970bb0-a1ac-4a30-9027-ce0086fdc50f,,,,,,House-Made Goddess,0.0
hzEOnUKZRefrachsWQPHkv9eV,835b87e7-3477-471e-91b6-aed73cfef36b,Iced Coffee,1.0,4.75,4.75,5.13,,
djjrc4UtawkawPuMpe2xOmleV,bcda5166-2182-4c0c-a16b-b0d9bcf86fc7,Bagels,1.0,2.2,6.45,6.96,,
djjrc4UtawkawPuMpe2xOmleV,bcda5166-2182-4c0c-a16b-b0d9bcf86fc7,,,,,,Garlic,0.0
djjrc4UtawkawPuMpe2xOmleV,bcda5166-2182-4c0c-a16b-b0d9bcf86fc7,,,,,,Toasted,0.0
djjrc4UtawkawPuMpe2xOmleV,bcda5166-2182-4c0c-a16b-b0d9bcf86fc7,,,,,,Avocado,3.25
djjrc4UtawkawPuMpe2xOmleV,bcda5166-2182-4c0c-a16b-b0d9bcf86fc7,,,,,,Cheddar,1.0
nSM1k09ujozSNyz5SGbldZxeV,6a1a9b14-e5e9-46bb-b239-05b7faa4a6c3,Chicken Salad Sandwich,1.0,12.0,13.25,14.31,,
nSM1k09ujozSNyz5SGbldZxeV,6a1a9b14-e5e9-46bb-b239-05b7faa4a6c3,,,,,,Sesame,0.0
nSM1k09ujozSNyz5SGbldZxeV,6a1a9b14-e5e9-46bb-b239-05b7faa4a6c3,,,,,,Toasted,0.0
nSM1k09ujozSNyz5SGbldZxeV,6a1a9b14-e5e9-46bb-b239-05b7faa4a6c3,,,,,,Cucumber,1.25
nSM1k09ujozSNyz5SGbldZxeV,a3541f2c-4d50-490d-8dfc-148715e78863,Chicken Salad Sandwich,1.0,12.0,13.25,14.31,,
nSM1k09ujozSNyz5SGbldZxeV,a3541f2c-4d50-490d-8dfc-148715e78863,,,,,,Everything,0.0
nSM1k09ujozSNyz5SGbldZxeV,a3541f2c-4d50-490d-8dfc-148715e78863,,,,,,Toasted,0.0
nSM1k09ujozSNyz5SGbldZxeV,a3541f2c-4d50-490d-8dfc-148715e78863,,,,,,Cucumber,1.25
nSM1k09ujozSNyz5SGbldZxeV,54c59bc7-1fab-4cc7-8b90-3dbfed3e74a3,Mocha,2.0,5.25,11.5,12.42,,
nSM1k09ujozSNyz5SGbldZxeV,54c59bc7-1fab-4cc7-8b90-3dbfed3e74a3,,,,,,Oat Milk,1.0
xbQaaQr7SlSrrzoUk7pPXEoeV,251d3246-36e8-46d0-a56e-0aa92a05f195,Iced White Lightning,1.0,7.25,7.25,7.83,,
xbQaaQr7SlSrrzoUk7pPXEoeV,d7a2b069-5be8-46c1-86c8-d550dadea845,Winter Specials '23-24 HOT,1.0,6.75,7.25,7.83,,
xbQaaQr7SlSrrzoUk7pPXEoeV,d7a2b069-5be8-46c1-86c8-d550dadea845,,,,,,Gingerbread Latte,0.0
xbQaaQr7SlSrrzoUk7pPXEoeV,d7a2b069-5be8-46c1-86c8-d550dadea845,,,,,,Oat Milk,0.5
jw4feCpTCGIbEWTUDdHLo0neV,df5b5247-1f70-4957-8389-612325da7885,Coffee,1.0,2.75,2.75,2.97,,
nEL2LAJTHBlDC2abamusY8qeV,531ee1ed-2d02-492d-813c-f2987d3fbc70,Iced Honey Cinnamon Latte,1.0,6.25,6.75,7.29,,
nEL2LAJTHBlDC2abamusY8qeV,531ee1ed-2d02-492d-813c-f2987d3fbc70,,,,,,Almond Milk,0.5
xJ97fXAVHQLrtoNZdQJeIXveV,df84a021-3aa1-46b6-bc49-63e0cd5e9943,Iced White Lightning,1.0,7.25,7.25,7.83,,
TSHsagzB9DmQB2CGjWTeJ1ieV,1fb3de4f-26c2-42ea-a412-f03804c6c711,Mocha,1.0,5.25,5.25,5.67,,
TSHsagzB9DmQB2CGjWTeJ1ieV,33990806-53c0-4ff1-ba23-ca39d3286087,Hibiscus Sprtz,1.0,4.0,4.0,4.32,,
TSHsagzB9DmQB2CGjWTeJ1ieV,4dc6ddc7-28b0-41d4-8a4f-9a222e8623a7,Chai Latte,1.0,4.25,5.75,6.21,,
TSHsagzB9DmQB2CGjWTeJ1ieV,4dc6ddc7-28b0-41d4-8a4f-9a222e8623a7,,,,,,Extra Shot,1.0
TSHsagzB9DmQB2CGjWTeJ1ieV,4dc6ddc7-28b0-41d4-8a4f-9a222e8623a7,,,,,,Oat Milk,0.5
T84Sg9Z3hBH3VORRSbJvreyeV,d7f39af9-5b40-411b-aab6-8eeb27c1b8a6,Mocha,1.0,5.75,6.75,7.29,,
T84Sg9Z3hBH3VORRSbJvreyeV,d7f39af9-5b40-411b-aab6-8eeb27c1b8a6,,,,,,Flavored Syrup,1.0
RfwnF9hSVWs8cUK71cxVVj2eV,3f3b6cf2-e966-4786-89a0-056c5458cce7,Bagel + Butter/EB,1.0,3.5,3.5,3.78,,
RfwnF9hSVWs8cUK71cxVVj2eV,3f3b6cf2-e966-4786-89a0-056c5458cce7,,,,,,Asiago,0.0
RfwnF9hSVWs8cUK71cxVVj2eV,3f3b6cf2-e966-4786-89a0-056c5458cce7,,,,,,Toasted,0.0
RfwnF9hSVWs8cUK71cxVVj2eV,b741c212-149d-4f2a-9315-b1a2c0d22219,Knead Donut,1.0,4.5,4.5,4.86,,
bitI4k5OhfjIJbwnG0FFvWveV,30d2b57d-352f-4a77-8fe8-95e75ed1dd3c,Matcha Latte,1.0,5.5,5.5,5.94,,
XWcS84A8lrPq5zENKgxzjX7eV,4bd569b9-41b5-401d-947e-2f3f92368ef2,Iced Latte,1.0,6.0,7.0,7.56,,
XWcS84A8lrPq5zENKgxzjX7eV,4bd569b9-41b5-401d-947e-2f3f92368ef2,,,,,,Flavored Syrup,1.0
fQjE6KxychzFNpVS058siY7eV,0a60a09d-22f7-49f7-8fd0-756b99d745e6,Avocado BLT Sandwich,1.0,13.0,13.0,14.04,,
fQjE6KxychzFNpVS058siY7eV,0a60a09d-22f7-49f7-8fd0-756b99d745e6,,,,,,Everything,0.0
fQjE6KxychzFNpVS058siY7eV,0a60a09d-22f7-49f7-8fd0-756b99d745e6,,,,,,Toasted,0.0
fQjE6KxychzFNpVS058siY7eV,9d3fa7dd-ee0f-4446-89bb-d09ff9e4374b,Coffee,2.0,2.75,5.5,5.95,,
fQjE6KxychzFNpVS058siY7eV,71f0397c-c565-4e81-9d51-7dc259607302,Cranberry Pecan Bread,1.0,3.75,5.05,5.45,,
fQjE6KxychzFNpVS058siY7eV,71f0397c-c565-4e81-9d51-7dc259607302,,,,,,Toasted,0.0
fQjE6KxychzFNpVS058siY7eV,71f0397c-c565-4e81-9d51-7dc259607302,,,,,,Butter,1.3
fQjE6KxychzFNpVS058siY7eV,71f0397c-c565-4e81-9d51-7dc259607302,,,,,,On the side,0.0
Rt3ZGNf9SQJrSG40bF7f275eV,c82473d2-506f-40c6-a3f7-723ad387bddf,Iced Coffee,1.0,4.75,4.75,5.13,,
Rt3ZGNf9SQJrSG40bF7f275eV,a5f13969-d0a7-4939-a53b-7f10e704b55f,Special Pesto Sandwich,1.0,15.0,15.0,16.2,,
Rt3ZGNf9SQJrSG40bF7f275eV,a5f13969-d0a7-4939-a53b-7f10e704b55f,,,,,,Ciabatta,0.0
Rt3ZGNf9SQJrSG40bF7f275eV,a5f13969-d0a7-4939-a53b-7f10e704b55f,,,,,,Toasted,0.0
TydVz1wPC8rnlTNIaDDwhX6eV,b6ced6bd-d9d4-4091-bb08-7d30fd80a41d,Hummus Sandwich,1.0,11.0,11.0,11.88,,
TydVz1wPC8rnlTNIaDDwhX6eV,b6ced6bd-d9d4-4091-bb08-7d30fd80a41d,,,,,,Spin Wrap (Not Toastable),0.0
TydVz1wPC8rnlTNIaDDwhX6eV,b6ced6bd-d9d4-4091-bb08-7d30fd80a41d,,,,,,Not Toasted,0.0
P4RH83qka8TtcfXMeA1hHE3eV,786244f9-d808-4d62-8d51-843fc8238739,Special Turkey Sandwich,1.0,14.0,14.0,15.12,,
P4RH83qka8TtcfXMeA1hHE3eV,786244f9-d808-4d62-8d51-843fc8238739,,,,,,Wheat Wrap (Not Toastable),0.0
P4RH83qka8TtcfXMeA1hHE3eV,786244f9-d808-4d62-8d51-843fc8238739,,,,,,Not Toasted,0.0
P4RH83qka8TtcfXMeA1hHE3eV,786244f9-d808-4d62-8d51-843fc8238739,,,,,,No mustard,0.0
P4RH83qka8TtcfXMeA1hHE3eV,e7a8a42b-0d73-4cde-bfe2-a45d2e915c0b,Iced Coffee,1.0,4.0,4.0,4.32,,
72vuL0zv6qTnzYoOyNaYP8neV,f59ff3ae-53f1-43ea-850a-6ce18b0553e4,CC + Avo,1.0,7.0,7.0,7.56,,
72vuL0zv6qTnzYoOyNaYP8neV,f59ff3ae-53f1-43ea-850a-6ce18b0553e4,,,,,,Seeded,0.0
72vuL0zv6qTnzYoOyNaYP8neV,f59ff3ae-53f1-43ea-850a-6ce18b0553e4,,,,,,Toasted,0.0
72vuL0zv6qTnzYoOyNaYP8neV,52aadd49-13f1-41b6-b5b3-8f5754f5afb0,Iced Matcha,1.0,6.5,7.0,7.56,,
72vuL0zv6qTnzYoOyNaYP8neV,52aadd49-13f1-41b6-b5b3-8f5754f5afb0,,,,,,Almond Milk,0.5
5rkjpFer4TGoLBAdJaXreSteV,61a9ed46-ba29-4a89-9fb9-218494e221bc,Iced Coffee,1.0,4.0,5.0,5.4,,
5rkjpFer4TGoLBAdJaXreSteV,61a9ed46-ba29-4a89-9fb9-218494e221bc,,,,,,Flavored Syrup,1.0
5PyNdudtJ9LLTePVrchso9zeV,7748b7ea-42c9-4ce6-9f3a-25e473a347c5,Cappuccino,1.0,5.25,5.25,5.67,,
HA75wX7Ccw3VLxSIZHBARO9eV,cb9de32c-e74e-4804-88d3-3dac75f9d806,Buzzo Latte,1.0,5.5,5.5,5.94,,
HA75wX7Ccw3VLxSIZHBARO9eV,6c8ee9dc-6684-49cd-9c86-a1284014b47c,Ham&Chz,1.0,5.5,5.5,5.94,,
Hwz9OD8Gc5GYrxifAQDphj0eV,4a69b089-455f-4871-bd00-fd83366c9bac,Turkey Sandwich,1.0,12.0,12.0,12.96,,
Hwz9OD8Gc5GYrxifAQDphj0eV,4a69b089-455f-4871-bd00-fd83366c9bac,,,,,,Everything,0.0
Hwz9OD8Gc5GYrxifAQDphj0eV,4a69b089-455f-4871-bd00-fd83366c9bac,,,,,,Toasted,0.0
Hwz9OD8Gc5GYrxifAQDphj0eV,d7a881d7-422c-48c8-8b49-a30f2ae1c1de,CC + Avo,1.0,7.0,12.0,12.96,,
Hwz9OD8Gc5GYrxifAQDphj0eV,d7a881d7-422c-48c8-8b49-a30f2ae1c1de,,,,,,Multigrain Bread,0.0
Hwz9OD8Gc5GYrxifAQDphj0eV,d7a881d7-422c-48c8-8b49-a30f2ae1c1de,,,,,,Toasted,0.0
Hwz9OD8Gc5GYrxifAQDphj0eV,d7a881d7-422c-48c8-8b49-a30f2ae1c1de,,,,,,Bacon full portion,5.0
Hwz9OD8Gc5GYrxifAQDphj0eV,47c56476-340f-4779-a236-d2e7047041ab,White Lightning,1.0,6.25,6.25,6.75,,
Ztph7gnuQJzmfuEPj2C2Mz3eV,161c9ece-7065-485e-a5aa-04f1a63e1b78,Coffee,2.0,2.75,5.5,5.94,,
3SwjR4pFkzXb7Yrji5hFZPreV,21148029-4817-45a9-a496-a0b39144c0c6,Iced Latte,1.0,5.25,5.75,6.21,,
3SwjR4pFkzXb7Yrji5hFZPreV,21148029-4817-45a9-a496-a0b39144c0c6,,,,,,Oat Milk,0.5
HqcprE4361BwpQiTbhq7j4geV,707120ce-7f3c-4f1f-bca7-92e8ff65ec58,Chai Latte,1.0,5.25,5.75,6.21,,
HqcprE4361BwpQiTbhq7j4geV,707120ce-7f3c-4f1f-bca7-92e8ff65ec58,,,,,,Oat Milk,0.5
VxCs9vC4I9SyNrsBZ3I2GrreV,38cb486d-ba21-4eaf-b617-d2988b2242f4,Tea,1.0,3.0,3.0,3.24,,
5xFuV86U9lGfDtsm7GtKWZyeV,d0f632ef-d262-4312-bf0a-de87df63cd1a,Muffin,1.0,4.0,4.0,4.32,,
95kWyWTW97L1OTal8X0YauheV,4d548f98-8e2d-4897-8112-5b21a4681468,Bagel + Cream Cheese,1.0,4.0,4.0,4.32,,
95kWyWTW97L1OTal8X0YauheV,4d548f98-8e2d-4897-8112-5b21a4681468,,,,,,Everything,0.0
95kWyWTW97L1OTal8X0YauheV,4d548f98-8e2d-4897-8112-5b21a4681468,,,,,,Toasted,0.0
95kWyWTW97L1OTal8X0YauheV,4d548f98-8e2d-4897-8112-5b21a4681468,,,,,,Cut in half,0.0
l7voATcn7rwsIvN3b1E86u4eV,98591d98-e675-4f54-a432-767238716e7d,Gift Card,1.0,50.0,50.0,50.0,,
P8jdFkS7cUaAk4JUINkcN27eV,58f4f0e7-5244-432a-acdd-ddf96f2938b9,Coffee,1.0,2.75,2.75,2.97,,
hXO4aCM3u0vzJV0tG74imkpeV,9dfce9f6-616c-4ac1-be7b-851962d7ecdb,Hummus Sandwich,1.0,11.0,11.0,11.88,,
hXO4aCM3u0vzJV0tG74imkpeV,9dfce9f6-616c-4ac1-be7b-851962d7ecdb,,,,,,Multigrain Bread,0.0
hXO4aCM3u0vzJV0tG74imkpeV,9dfce9f6-616c-4ac1-be7b-851962d7ecdb,,,,,,Not Toasted,0.0
95ut9RuLvQ0EYbQ70B3yZQteV,1b8bd3a4-2085-4ac3-988f-21294dd84c35,Tea,1.0,3.5,3.5,3.78,,
HUFbzM1K91puRSQcaSxCi5neV,e61e56c8-8fc7-4c7a-b5ed-5f7e712e737f,Iced Matcha,1.0,6.5,8.0,8.64,,
HUFbzM1K91puRSQcaSxCi5neV,e61e56c8-8fc7-4c7a-b5ed-5f7e712e737f,,,,,,Cold Foam,1.5
HUFbzM1K91puRSQcaSxCi5neV,bf3519f3-a964-4e81-a2d0-4d4d50ec2beb,Mocha,1.0,5.75,5.75,6.21,,
HUFbzM1K91puRSQcaSxCi5neV,1b5f8a23-6f8c-47c7-8d81-884a6369b071,Cinnamon Bun,1.0,5.5,5.5,5.94,,
n8l7ExA1AghBmAlDScjr2Z8eV,96f84c30-6c66-401f-80f1-8c7f59fe4e9f,Winter Specials '23-24 HOT,1.0,6.0,6.0,6.48,,
n8l7ExA1AghBmAlDScjr2Z8eV,96f84c30-6c66-401f-80f1-8c7f59fe4e9f,,,,,,Juniper Latte,0.0
dnnqJH0v8AhecUfrqhUSZYkeV,8aa3325a-1a23-451f-8cbd-10dfaa6d91ba,Hot Choc,1.0,4.0,5.5,5.94,,
dnnqJH0v8AhecUfrqhUSZYkeV,8aa3325a-1a23-451f-8cbd-10dfaa6d91ba,,,,,,Extra Shot,1.0
dnnqJH0v8AhecUfrqhUSZYkeV,8aa3325a-1a23-451f-8cbd-10dfaa6d91ba,,,,,,Oat Milk,0.5
nwvjSuxgUGLGKnN5K1eYxz1eV,edaba88c-ed1f-424f-ae67-5b04ea13f534,Coffee,1.0,2.75,2.75,2.97,,
nI52exsE4FUvuBPYBjdqV45eV,f5908955-26fe-4369-8642-bc8ece8871d3,Hot Choc,1.0,4.0,4.0,4.32,,
FVM6lqUTZ1fURuE0ApNPo55eV,3f225120-c447-485c-bc6c-befbea656d0c,Special Pesto Sandwich,1.0,15.0,15.0,16.2,,
FVM6lqUTZ1fURuE0ApNPo55eV,3f225120-c447-485c-bc6c-befbea656d0c,,,,,,Onion,0.0
FVM6lqUTZ1fURuE0ApNPo55eV,3f225120-c447-485c-bc6c-befbea656d0c,,,,,,Toasted,0.0
FVM6lqUTZ1fURuE0ApNPo55eV,cae4abd2-d05d-4f95-b297-45f053570820,Buzzo Latte,1.0,7.25,7.25,7.83,,
FVM6lqUTZ1fURuE0ApNPo55eV,e44975a9-2481-47c6-9129-85f1cb9102e6,Spindrift,1.0,3.5,3.5,3.78,,
xpHWy5C4y9kri4FqtHwwv74eV,2be9d9d1-428b-4181-b9f2-d0089c56d96a,Veggie Sandwich,1.0,11.0,15.0,16.2,,
xpHWy5C4y9kri4FqtHwwv74eV,2be9d9d1-428b-4181-b9f2-d0089c56d96a,,,,,,Everything,0.0
xpHWy5C4y9kri4FqtHwwv74eV,2be9d9d1-428b-4181-b9f2-d0089c56d96a,,,,,,Toasted,0.0
xpHWy5C4y9kri4FqtHwwv74eV,2be9d9d1-428b-4181-b9f2-d0089c56d96a,,,,,,Tofurky,4.0
xpHWy5C4y9kri4FqtHwwv74eV,3fc4fa4e-c1bd-42bc-a40b-52e0e12657ae,Iced Latte,1.0,6.0,6.5,7.02,,
xpHWy5C4y9kri4FqtHwwv74eV,3fc4fa4e-c1bd-42bc-a40b-52e0e12657ae,,,,,,Soy Milk,0.5
nklJWeVKIOgnTSRc7vR7Au7eV,dc32f29d-795e-47b8-9745-0da40d98056a,Bagel + Cream Cheese,1.0,4.0,4.0,4.32,,
nklJWeVKIOgnTSRc7vR7Au7eV,dc32f29d-795e-47b8-9745-0da40d98056a,,,,,,Cinnamon Raisin,0.0
nklJWeVKIOgnTSRc7vR7Au7eV,dc32f29d-795e-47b8-9745-0da40d98056a,,,,,,Toasted,0.0
nklJWeVKIOgnTSRc7vR7Au7eV,97ce303a-c10e-4794-9161-2ac33fed62c2,Coffee,1.0,2.75,2.75,2.97,,
z216q7M3BYF0P1dQQIqIUw2eV,9017585d-9465-4de6-a79f-7a44d0997d3c,Maple Latte,1.0,5.5,6.0,6.48,,
z216q7M3BYF0P1dQQIqIUw2eV,9017585d-9465-4de6-a79f-7a44d0997d3c,,,,,,Oat Milk,0.5
b0a0ViIp5wkVSi9FZczqGFheV,b8a60744-3c13-4f10-a99c-28fea0303719,Latte,1.0,5.25,5.25,5.67,,
dpS3xdkWS59gKee5FFFB4L8eV,2143c3b4-7ac4-4e19-b4b0-a96ce304edd4,Bagels,1.0,2.2,2.2,2.37,,
dpS3xdkWS59gKee5FFFB4L8eV,2143c3b4-7ac4-4e19-b4b0-a96ce304edd4,,,,,,Multigrain Bread,0.0
dpS3xdkWS59gKee5FFFB4L8eV,2143c3b4-7ac4-4e19-b4b0-a96ce304edd4,,,,,,Toasted,0.0
7kuqZj8PeB3wJvJ4Mph70cmeV,375de62e-1037-4dbd-bac1-8e2d410b9ccb,Latte,1.0,4.75,4.75,5.13,,
RHSClykU8mghT4Tnf4RgQUpeV,ae30046d-9d10-45b8-885e-8b475d5fa514,Iced Chai Latte,1.0,5.0,5.5,5.94,,
RHSClykU8mghT4Tnf4RgQUpeV,ae30046d-9d10-45b8-885e-8b475d5fa514,,,,,,Oat Milk,0.5
RHSClykU8mghT4Tnf4RgQUpeV,dc81b5ce-36e5-4d2e-94e0-12ac967e57fa,Chai Latte,1.0,5.25,5.25,5.67,,
l10ASJ9QepcFedWeBNMeIwfeV,ddc9f453-33d8-49ee-894e-27e6c88519be,Latte,1.0,4.75,4.75,5.13,,
VztlbF4gGhXUCm8CPgcJbJreV,8d50b877-1bd5-4a84-93cc-ff397e6dfe92,Iced Chai Latte,1.0,5.0,5.5,5.94,,
VztlbF4gGhXUCm8CPgcJbJreV,8d50b877-1bd5-4a84-93cc-ff397e6dfe92,,,,,,Oat Milk,0.5
3uUSBXVZ8JKM3bryS89UJKveV,f1eb4520-3242-48c2-8e34-aac08c0be70e,White Lightning,1.0,7.25,7.25,7.83,,
foXMocfZuFVS5RTzqbkdtr0eV,1ed5eb57-e136-4e22-9cf6-292ce9c6cdf3,Bagel + Cream Cheese,1.0,4.0,4.0,4.32,,
foXMocfZuFVS5RTzqbkdtr0eV,1ed5eb57-e136-4e22-9cf6-292ce9c6cdf3,,,,,,Onion,0.0
foXMocfZuFVS5RTzqbkdtr0eV,1ed5eb57-e136-4e22-9cf6-292ce9c6cdf3,,,,,,Toasted,0.0
nWiPAIEZpYdjG3FZHrZezG5eV,291cee3b-ed2c-4dc6-a840-90d9a45a7961,Winter Specials '23-24 ICED,1.0,6.75,6.75,7.29,,
nWiPAIEZpYdjG3FZHrZezG5eV,291cee3b-ed2c-4dc6-a840-90d9a45a7961,,,,,,Juniper Latte,0.0
TmPTQ7CAiPlLXGQvJjexRe6eV,6d1e6acd-865c-45ec-a6e9-8a3b7424c437,Hot Choc,1.0,4.5,4.5,4.86,,
